filename,table_name,last_file_commit,last_synced_at,row_count
meta/1885/1885-01.jsonl,meta,cd01e3171cd098ed5ef2490b69856274122a66c6,2026-09-15T17:05:50.138Z,36
meta/1885/1885-02.jsonl,meta,59aa43df950134847841f9683f95f94e1f512ff7,2026-09-15T17:06:01.415Z,37
meta/1885/1885-03.jsonl,meta,1907253182142c28f7239bf0d3c3a865135212b9,2026-09-15T17:06:17.102Z,31
meta/1885/1885-04.jsonl,meta,a6330b986d4ef41cb9da4ef8ef3dd0031c22dcd0,2026-09-15T17:06:33.456Z,15
meta/1885/1885-12.jsonl,meta,3f80f27598f9337ed3bd870cd4fd71368a23845c,2026-09-15T17:06:43.994Z,8
meta/1886/1886-01.jsonl,meta,46d74f2dd48c11257675489f2fea719ebf0b8868,2026-09-15T17:07:00.517Z,31
meta/1886/1886-02.jsonl,meta,c2821a91daf18682d82e0dd2bef9777b32639757,2026-09-15T17:07:05.962Z,34
meta/1886/1886-03.jsonl,meta,f41cc57266c07eee0437f84d550db2e3b201007b,2026-09-15T17:07:21.674Z,29
meta/1886/1886-04.jsonl,meta,bdc52d06d7d47fbc352aa9249a9d0b6915874438,2026-09-15T17:07:30.541Z,28
meta/1886/1886-05.jsonl,meta,dfa76db7d5c1dad2e6b51268f828fe90bbb0bd58,2026-09-15T17:07:42.826Z,44
meta/1886/1886-06.jsonl,meta,170329db41bb8b0424fada0550be204fdf7bc866,2026-09-15T17:07:53.454Z,27
meta/1886/1886-07.jsonl,meta,50f22f20fc6d5322b8dbd83e6abd87917dbe638d,2026-09-15T17:08:03.752Z,31
meta/1886/1886-08.jsonl,meta,ddc1f5f0a2dc7ee6a45ec7b9b79ca7a6dd8cde36,2026-09-15T17:08:15.895Z,29
meta/1886/1886-09.jsonl,meta,853ba0258e07264c4aa90e0b4764797e18346a60,2026-09-15T17:08:29.673Z,33
meta/1886/1886-10.jsonl,meta,06d5b7766a196743dacea737a01d77a8e0292050,2026-09-15T17:08:35.166Z,45
meta/1886/1886-11.jsonl,meta,23e94d25b215166009bf70928cac91e0931c805f,2026-09-15T17:08:39.878Z,32
meta/1886/1886-12.jsonl,meta,60831788a7fdc0c1f4bd1e5286a430334af4e72f,2026-09-15T17:08:55.385Z,18
meta/1887/1887-01.jsonl,meta,264d14fdd8ee51fe0d12e55eaf2ce4094430b695,2026-09-15T17:09:09.999Z,41
meta/1887/1887-02.jsonl,meta,56cf92a6e94ed5ffc2556e295287f88d09070813,2026-09-15T17:09:18.933Z,31
meta/1887/1887-03.jsonl,meta,77503c64593f2942ae468020ea9f8a863f771b71,2026-09-15T17:09:34.200Z,25
meta/1887/1887-04.jsonl,meta,42643f2b0c0a5d09c8ccb00e7f7ccc2978a66851,2026-09-15T17:09:42.054Z,23
meta/1887/1887-05.jsonl,meta,09e18fd180ff46267a8efa0504f8f255a0192343,2026-09-15T17:09:47.516Z,46
meta/1887/1887-06.jsonl,meta,09818794798acad1afb82eff364aeb6fbbe98f17,2026-09-15T17:10:03.717Z,47
meta/1887/1887-07.jsonl,meta,6efa92db649633cb65bfe385340d7b5cda025b81,2026-09-15T17:10:08.354Z,33
meta/1887/1887-08.jsonl,meta,1f94bc9430bbf74f582743af14a6caceedc8bc1a,2026-09-15T17:10:18.570Z,62
meta/1887/1887-09.jsonl,meta,73b7a9b839fad27df0ecda9971b74d2f47859552,2026-09-15T17:10:30.012Z,37
meta/1887/1887-10.jsonl,meta,c926e89fbe2ad48c32ed75ccdd27ce96506a4def,2026-09-15T17:10:46.169Z,28
meta/1887/1887-11.jsonl,meta,125f87a71ba7ccf9f9d99e4ce6c79f5980c817eb,2026-09-15T17:11:03.228Z,42
meta/1887/1887-12.jsonl,meta,9b129d4a3b93d750a2cde5907c2f3c4d1ae0bb2a,2026-09-15T17:11:12.405Z,45
meta/1888/1888-01.jsonl,meta,d5ace26d0ea25055a1c2bb42355b5584ee98319b,2026-09-15T17:11:29.674Z,43
meta/1888/1888-02.jsonl,meta,663f8aa977106ff18d22605961e4abecd42a72f0,2026-09-15T17:11:45.734Z,43
meta/1888/1888-03.jsonl,meta,faca9e8e295fdd65f16d2ddb96d581b788f56e2a,2026-09-15T17:11:51.187Z,23
meta/1888/1888-04.jsonl,meta,a3e6486430d262f2484a857ea4ada31de1543d01,2026-09-15T17:12:03.569Z,42
meta/1888/1888-05.jsonl,meta,8fa9622bc0a8eacb3fb5b420725b869376b62a91,2026-09-15T17:12:09.036Z,51
meta/1888/1888-06.jsonl,meta,ac89f3e57f04bc4e5bb5bada9fdf84cb33a3a66f,2026-09-15T17:12:22.962Z,33
meta/1888/1888-07.jsonl,meta,33d7e9197f0d255bb4dea8f093277fa145785296,2026-09-15T17:12:31.631Z,36
meta/1888/1888-08.jsonl,meta,4f4fc83fb930ae39854235db020b9729b740c560,2026-09-15T17:12:37.199Z,59
meta/1888/1888-09.jsonl,meta,70454fddf07bfe9e1543596b30369a326fa70d6b,2026-09-15T17:12:45.221Z,41
meta/1888/1888-10.jsonl,meta,f4ef6e7a603dd95c712c67bf3656dd4cbadf3f67,2026-09-15T17:12:53.535Z,25
meta/1888/1888-11.jsonl,meta,093d410a1aa260919649ba82732fc3ef5e902891,2026-09-15T17:13:03.005Z,43
meta/1888/1888-12.jsonl,meta,fc9009edd1e5fbb0a9750a45651063a8c04aab41,2026-09-15T17:13:14.309Z,43
meta/1889/1889-01.jsonl,meta,4787b7860d04f0deaa07584284d49d2eaef15cb7,2026-09-15T17:13:25.940Z,32
meta/1889/1889-02.jsonl,meta,4c0aeb3194658b26a87f38d2946c4d883c0f9f60,2026-09-15T17:13:31.337Z,28
meta/1889/1889-03.jsonl,meta,f4b6061ab40911f801f00e4a0c7a20af0f4138c0,2026-09-15T17:13:36.933Z,51
meta/1889/1889-04.jsonl,meta,8d0979fa8434153430a3ce787e2e14df02c1286e,2026-09-15T17:13:41.552Z,38
meta/1889/1889-05.jsonl,meta,90082ec3575faf56d6f251961173b1b7b6e1c8bb,2026-09-15T17:13:46.229Z,47
meta/1889/1889-06.jsonl,meta,32394451460c03e90e53b5cb7335d5eda2f8eff5,2026-09-15T17:13:58.842Z,54
meta/1889/1889-07.jsonl,meta,c2fd7de93b5a7cc3ef62b100224a8dc7c7d8fa84,2026-09-15T17:14:11.740Z,36
meta/1889/1889-08.jsonl,meta,a220342b7a9fa197cb06fce17615c8454c3066b3,2026-09-15T17:14:25.874Z,38
meta/1889/1889-09.jsonl,meta,8a769d6584287ebf1fd2c39fbe2113b51bac3fec,2026-09-15T17:14:42.843Z,46
meta/1889/1889-10.jsonl,meta,4f6b25daf4a7fa6356ba6965ac7d1c1b5f8946fe,2026-09-15T17:14:58.247Z,38
meta/1889/1889-11.jsonl,meta,f6c0308fa91da838e0439819b5f359596d1334b6,2026-09-15T17:15:11.783Z,45
meta/1889/1889-12.jsonl,meta,c1606f88be6a32bc7dacfa3381013273fa16df10,2026-09-15T17:15:29.274Z,50
meta/1890/1890-01.jsonl,meta,a0eaf940ef931780d3b20b8ce6195c5427afc551,2026-09-15T17:15:37.385Z,52
meta/1890/1890-02.jsonl,meta,1c7dff7d72f0a903f474f0e5291f3d6139b10d6f,2026-09-15T17:15:42.856Z,35
meta/1890/1890-03.jsonl,meta,39a7c8cec51872325d00f2de6b21b215edb30cc4,2026-09-15T17:15:56.398Z,36
meta/1890/1890-04.jsonl,meta,4ea261910fc104b3f5eccd2f705face6c9a474a4,2026-09-15T17:16:13.215Z,51
meta/1890/1890-05.jsonl,meta,2dbc7e3c707231c478cf985089f04d3199aa5442,2026-09-15T17:16:18.853Z,46
meta/1890/1890-06.jsonl,meta,4e148443718d814189dafd897604256a22556f59,2026-09-15T17:16:32.692Z,29
meta/1890/1890-07.jsonl,meta,ec75fda8ac32ebc19f083a10ddeecaca5d82113f,2026-09-15T17:16:38.162Z,50
meta/1890/1890-08.jsonl,meta,692034c80403d073ed595b9af09949d8392188b6,2026-09-15T17:16:43.709Z,60
meta/1890/1890-09.jsonl,meta,202f9db36760936b34c1372b17670a0cf2a4b7c2,2026-09-15T17:16:49.100Z,32
meta/1890/1890-10.jsonl,meta,1505eb7f245cab2b9b472cf408d70bfbb1d90bc5,2026-09-15T17:17:02.850Z,36
meta/1890/1890-11.jsonl,meta,814041caeb4580e8efb80216f3ad914525be1561,2026-09-15T17:17:10.534Z,54
meta/1890/1890-12.jsonl,meta,22919d80b08efbbd28be49f7fe5d0c6a9ad11519,2026-09-15T17:17:23.596Z,50
meta/1891/1891-01.jsonl,meta,02e51b2b87ff17e813d2b3a2f60f50a4f74c3cea,2026-09-15T17:17:36.835Z,46
meta/1891/1891-02.jsonl,meta,9724a81cbc719c7cd0b593cc8824bac0a5e461c1,2026-09-15T17:17:47.585Z,36
meta/1891/1891-03.jsonl,meta,2a5b591f2635e9b58271b43c3d55f0dc6bd018fc,2026-09-15T17:18:02.424Z,51
meta/1891/1891-04.jsonl,meta,7e3aaee23f8fe22ce7d14c7e19eb67791f3f56e7,2026-09-15T17:18:17.501Z,42
meta/1891/1891-05.jsonl,meta,29579a7b12590c27ef8d4cae159525ca79733b68,2026-09-15T17:18:33.100Z,52
meta/1891/1891-06.jsonl,meta,f7910d466f19b0c18dfcbe6ce95a94659ee577f2,2026-09-15T17:18:44.488Z,34
meta/1891/1891-07.jsonl,meta,e011547350154fc62faaedac26d9d9116c062f57,2026-09-15T17:18:49.893Z,52
meta/1891/1891-08.jsonl,meta,1ed6abbe7485675b13c8179fe10d30c99a6ce4c4,2026-09-15T17:19:06.041Z,42
meta/1891/1891-09.jsonl,meta,1bf3e1d24bfd751b45f1120ebf7bb8ccac364d1a,2026-09-15T17:19:11.593Z,33
meta/1891/1891-10.jsonl,meta,085369f26184dcae1d58ee66a3b89b70ebf826c2,2026-09-15T17:19:27.916Z,46
meta/1891/1891-11.jsonl,meta,b2d54e7f116f14f01bfcf3099c7aa532d66f5102,2026-09-15T17:19:33.352Z,47
meta/1891/1891-12.jsonl,meta,822c21e5ae1666b608145d63265c1bc38630c521,2026-09-15T17:19:38.930Z,28
meta/1892/1892-01.jsonl,meta,27a22c59740e573ac9af924c221226de826a9d52,2026-09-15T17:19:48.619Z,47
meta/1892/1892-02.jsonl,meta,76a9af34b74cec8ba71983a259bc1a148c77eb2c,2026-09-15T17:19:53.286Z,45
meta/1892/1892-03.jsonl,meta,b790d9a3e10d1336e27b70ea675855512c7d309c,2026-09-15T17:20:00.799Z,52
meta/1892/1892-04.jsonl,meta,09517f674379d2fdd4321693c6bf87633efbc53b,2026-09-15T17:20:17.763Z,50
meta/1892/1892-05.jsonl,meta,be614d7f3ab24b79a6a815c98a5ee07efe6daeb7,2026-09-15T17:20:28.414Z,29
meta/1892/1892-06.jsonl,meta,93b4f25ef3896f9259bd01aff40021110f486847,2026-09-15T17:20:45.016Z,30
meta/1892/1892-07.jsonl,meta,ca7052f19d70de8a0524de5f7d00eadf6025faaf,2026-09-15T17:20:55.707Z,41
meta/1892/1892-08.jsonl,meta,e151ae78031fc822187c3371c812a1fdd8dda548,2026-09-15T17:21:01.122Z,38
meta/1892/1892-09.jsonl,meta,e1f83bb636da26d9d432e5703b11af5d0f000f0b,2026-09-15T17:21:06.570Z,47
meta/1892/1892-10.jsonl,meta,a2d6dfdd02455cc50482513250e51b434d7d69d6,2026-09-15T17:21:22.418Z,50
meta/1892/1892-11.jsonl,meta,4583e4b966062c6afe628dec9b1664e3b4ade556,2026-09-15T17:21:30.348Z,42
meta/1892/1892-12.jsonl,meta,cd992525e83eef323fb18644a444607790e35f7e,2026-09-15T17:21:43.474Z,52
meta/1893/1893-01.jsonl,meta,67a5e67272c58a0659504f22d8387dafa801d4c2,2026-09-15T17:21:48.932Z,37
meta/1893/1893-02.jsonl,meta,6952184a292b5dd9caa52907dbaff7b2f68a6af9,2026-09-15T17:22:00.258Z,24
meta/1893/1893-03.jsonl,meta,8bebf8eeaad22dc308ec5d1cd39c86edaafe812c,2026-09-15T17:22:13.817Z,24
meta/1893/1893-04.jsonl,meta,7c10b8497cfbb6118726b9746dbe52500841feb0,2026-09-15T17:22:24.574Z,58
meta/1893/1893-05.jsonl,meta,9f932e675c95964381f7e1c6afd618c04139245b,2026-09-15T17:22:33.847Z,41
meta/1893/1893-06.jsonl,meta,6f0e657178f16ab653c1dceb920c68b31c473512,2026-09-15T17:22:39.312Z,52
meta/1893/1893-07.jsonl,meta,5f6bde6df6bb94215495cd46bd29b0d15772f155,2026-09-15T17:22:44.743Z,53
meta/1893/1893-08.jsonl,meta,4f19e2c7440ef9ce6c54c3dbc6f97fd75bf05c37,2026-09-15T17:22:50.274Z,40
meta/1893/1893-09.jsonl,meta,efb491c275f0acf8ee9f799e8519028f52f1e382,2026-09-15T17:22:55.747Z,31
meta/1893/1893-10.jsonl,meta,ec1cf8b742313da2c644a327808094a8528f2024,2026-09-15T17:23:06.025Z,42
meta/1893/1893-11.jsonl,meta,5cc8f38abf3b2044fd5d9d57d6f392f6925b5bc6,2026-09-15T17:23:14.568Z,42
meta/1893/1893-12.jsonl,meta,124ce9229be76948c33584859fa7d3c0da7d36aa,2026-09-15T17:23:27.070Z,44
meta/1894/1894-01.jsonl,meta,249632d4c63624ffc76cec968747b7983af4a4df,2026-09-15T17:23:41.911Z,48
meta/1894/1894-02.jsonl,meta,2970c47664fa4b8c4261c103f52d88b694725541,2026-09-15T17:23:58.280Z,54
meta/1894/1894-03.jsonl,meta,8e628ffab6a97889fe40279d69f5c2d6a23b3db3,2026-09-15T17:24:13.184Z,58
meta/1894/1894-04.jsonl,meta,fec51c4d7246ef7004de4f27e9e4e8b1a5fc856d,2026-09-15T17:24:22.578Z,38
meta/1894/1894-05.jsonl,meta,f2a928659848a846413bd4e40a103376a037c168,2026-09-15T17:24:30.909Z,37
meta/1894/1894-06.jsonl,meta,b2685759434a4170f88d67077064eaee4e87718c,2026-09-15T17:24:36.310Z,35
meta/1894/1894-07.jsonl,meta,8c63d64ee616667e4718b186e052344a363b8611,2026-09-15T17:24:41.799Z,38
meta/1894/1894-08.jsonl,meta,62bbadaded1df115a9dd64d9c7fa2203a4d1c455,2026-09-15T17:24:56.407Z,29
meta/1894/1894-09.jsonl,meta,47b69955ed6820013d2be36829fc8c893102bb4d,2026-09-15T17:25:12.972Z,47
meta/1894/1894-10.jsonl,meta,36237745be4ddd1d34dd3ecd84c2d08fce98aaa4,2026-09-15T17:25:26.104Z,39
meta/1894/1894-11.jsonl,meta,ad893676ec880425c5fba958eba72b53e3485279,2026-09-15T17:25:33.862Z,55
meta/1894/1894-12.jsonl,meta,abe0bb4bb17d577da2caeeca6f69be2481fa21f5,2026-09-15T17:25:46.694Z,57
meta/1895/1895-01.jsonl,meta,db612f6a14ccc9f377318132f0fa4718638d680b,2026-09-15T17:25:52.133Z,51
meta/1895/1895-02.jsonl,meta,d7749cf0833ad95cdefbbb3f6b0d4b25c9c8e16d,2026-09-15T17:25:57.514Z,53
meta/1895/1895-03.jsonl,meta,3254386838d98beaef847d2ed7a296eb64106eb0,2026-09-15T17:26:02.919Z,53
meta/1895/1895-04.jsonl,meta,042a00f4417075002b18a8d249510279fc56bf5a,2026-09-15T17:26:08.320Z,41
meta/1895/1895-05.jsonl,meta,dcd265458ee1d7f6904b53e72fcb3bf3351c3439,2026-09-15T17:26:13.701Z,43
meta/1895/1895-06.jsonl,meta,fdc6f8d92e986608de976f387e939e6d1a1df3a7,2026-09-15T17:26:19.114Z,67
meta/1895/1895-07.jsonl,meta,52fe484f08a37ee35757ac53357ed5784df9bf30,2026-09-15T17:26:23.748Z,42
meta/1895/1895-08.jsonl,meta,1a4713615db760fa20e51c6a1838cce72cce0101,2026-09-15T17:26:29.114Z,60
meta/1895/1895-09.jsonl,meta,a9e43ecf05660a69d6480eedb6eaa6d7137ae100,2026-09-15T17:26:34.587Z,48
meta/1895/1895-10.jsonl,meta,5f55a9cd210bfd7aa8433ba2a6a204d012b78516,2026-09-15T17:26:40.004Z,48
meta/1895/1895-11.jsonl,meta,08952756343ab8a7e67c9be8f287abdd94860110,2026-09-15T17:26:45.468Z,56
meta/1895/1895-12.jsonl,meta,bf35eca0a68a9697103a22505425091d75a8da4e,2026-09-15T17:26:50.962Z,50
meta/1896/1896-01.jsonl,meta,d68d3fa3be7b2d5fe6baa495718ddcf9b50f345c,2026-09-15T17:26:56.333Z,136
meta/1896/1896-02.jsonl,meta,53928d72c247abf0dddbd0d9c770b3848d61f8f5,2026-09-15T17:27:01.719Z,84
meta/1896/1896-03.jsonl,meta,bc630408b87ec304f7472e925a5f2377618dbaf2,2026-09-15T17:27:07.204Z,104
meta/1896/1896-04.jsonl,meta,9b24f91b36539e5a8edd89e5004f56dcceb2b1f9,2026-09-15T17:27:12.613Z,96
meta/1896/1896-05.jsonl,meta,033fa7f9c36a60ba11ded35169683cf9b89045d9,2026-09-15T17:27:18.007Z,120
meta/1896/1896-06.jsonl,meta,ea9876f39c42dfaecd1850273bb721add54e28ed,2026-09-15T17:27:23.449Z,80
meta/1896/1896-07.jsonl,meta,e57a21dd6da12a5060483df8fcd793a0f1452856,2026-09-15T17:27:28.963Z,84
meta/1896/1896-08.jsonl,meta,ff82231d392182e4e59ae84f8228bb514d32423c,2026-09-15T17:27:34.412Z,116
meta/1896/1896-09.jsonl,meta,e5441a87f54f04cd91757504d5afd9a5363901aa,2026-09-15T17:27:39.823Z,100
meta/1896/1896-10.jsonl,meta,a0e40bef47d3b8525b57eba8a8b7d009ddec29c8,2026-09-15T17:27:45.223Z,170
meta/1896/1896-11.jsonl,meta,d48bd7ae2799bc5edce146ccb007de554139ec42,2026-09-15T17:27:50.862Z,92
meta/1896/1896-12.jsonl,meta,73d0d23f2b7c1ed0a3593e2ba6ca88abd3004b3b,2026-09-15T17:27:56.265Z,80
meta/1897/1897-01.jsonl,meta,369e6f76ecbeafe9bec80b1fa92c9f8b234eb317,2026-09-15T17:28:01.711Z,101
meta/1897/1897-02.jsonl,meta,183bbe15e420bb6e03af3a4ba85eed4a330230c3,2026-09-15T17:28:07.189Z,55
meta/1897/1897-03.jsonl,meta,36db61c976326bc67e373606b5eb68d5f49d88f1,2026-09-15T17:28:12.596Z,39
meta/1897/1897-04.jsonl,meta,1fc32c7d7973e5bb4c3c0e667257399b41feab30,2026-09-15T17:28:18.013Z,62
meta/1897/1897-05.jsonl,meta,e1233a25c5b78301cedeb161da187758e15f19d2,2026-09-15T17:28:23.416Z,68
meta/1897/1897-06.jsonl,meta,b2c2e414d9fd531bc1609f6117b6deecc25be6a4,2026-09-15T17:28:28.929Z,61
meta/1897/1897-07.jsonl,meta,f2063b2affaeea9d2def4a849537c3406863420d,2026-09-15T17:28:34.382Z,63
meta/1897/1897-08.jsonl,meta,1ad9fe7090c116f1c58a73f0133cc8932fd97c21,2026-09-15T17:28:39.826Z,56
meta/1897/1897-09.jsonl,meta,e5e9f4b197c114e72c58fdfc78f5fc338910a1ba,2026-09-15T17:28:45.226Z,66
meta/1897/1897-10.jsonl,meta,153ce5bf642aae2a34c7736fef4fe69958f9130a,2026-09-15T17:28:50.822Z,72
meta/1897/1897-11.jsonl,meta,0e12271f3083f6151690833faf5a9974ce1ab8ca,2026-09-15T17:28:56.181Z,54
meta/1897/1897-12.jsonl,meta,f22f5277f526d6d0e5539f6a4e4563259f90a481,2026-09-15T17:29:01.565Z,55
meta/1898/1898-03.jsonl,meta,9aeb9585e037fc470f164630fdcefd45cb82daf3,2026-09-15T17:29:06.863Z,1
meta/1898/1898-04.jsonl,meta,afddf98a02e4e8c7e178ccd78fcff8c1fb45a422,2026-09-15T17:29:12.303Z,54
meta/1898/1898-05.jsonl,meta,642651ed0cab531f4f82e16acb3df44242daacfa,2026-09-15T17:29:17.694Z,41
meta/1898/1898-06.jsonl,meta,d58ff307bcd184d4d2205efcd1744533fbd203e5,2026-09-15T17:29:23.128Z,49
meta/1898/1898-07.jsonl,meta,67286e906ad500bc181950713b306b0ca3ed881f,2026-09-15T17:29:28.729Z,50
meta/1898/1898-08.jsonl,meta,d53463739214cc39a093debd35da71ac05286f8d,2026-09-15T17:29:34.128Z,36
meta/1898/1898-09.jsonl,meta,407a25a876cd91eaf57c4c9f16903866c0623392,2026-09-15T17:29:39.500Z,49
meta/1898/1898-10.jsonl,meta,a4b9cdb51408a51d9265ba1b25361ae84f8aadb7,2026-09-15T17:29:44.898Z,50
meta/1898/1898-11.jsonl,meta,f2f31dd65c1c9dca52db800d001218898d83c38a,2026-09-15T17:29:50.280Z,54
meta/1898/1898-12.jsonl,meta,458ebf775483a6aa2ea5ff20e3e3edb6579213f3,2026-09-15T17:29:54.952Z,27
meta/1899/1899-01.jsonl,meta,182d4b206a7bd7e5370b5a36672fbec4f8aed61a,2026-09-15T17:30:00.341Z,116
meta/1899/1899-02.jsonl,meta,8f5d957d9928deb678a0367c0e7fac000ee3140b,2026-09-15T17:30:05.711Z,100
meta/1899/1899-03.jsonl,meta,aca39dee1977154521808e11860baa8068873b1d,2026-09-15T17:30:11.220Z,93
meta/1899/1899-04.jsonl,meta,891e2c50ce5a91724ca049ba3e22c8ce1ee00390,2026-09-15T17:30:16.584Z,53
meta/1899/1899-05.jsonl,meta,29e6624a05c422efded9947b0577677f72092bf2,2026-09-15T17:30:22.092Z,49
meta/1899/1899-06.jsonl,meta,b73584e181fa272abc96beb82acaf2bb2bd9b82b,2026-09-15T17:30:27.484Z,44
meta/1899/1899-07.jsonl,meta,96de299d648fec281cad28672f917b2f1e65559e,2026-09-15T17:30:32.920Z,75
meta/1899/1899-08.jsonl,meta,0c1a6c8d1662f50794163fdb1de914f5518c1d4d,2026-09-15T17:30:38.409Z,76
meta/1899/1899-09.jsonl,meta,f0aa923fb1d117a758e23376255ea4903b8e5e04,2026-09-15T17:30:43.828Z,76
meta/1899/1899-10.jsonl,meta,dcd6f3846aec5272d3eab9934d38b7ea013f006d,2026-09-15T17:30:49.243Z,51
meta/1899/1899-11.jsonl,meta,7b10316b7b32eea15292f270d8424b6f2d67e5a7,2026-09-15T17:30:54.626Z,53
meta/1899/1899-12.jsonl,meta,ed92e6b5d584e81f86e710496c75c0c3afa28c8c,2026-09-15T17:31:00.006Z,70
meta/1900/1900-01.jsonl,meta,8c064378451925ceeb036f07924f6de649e40d26,2026-09-15T17:31:08.582Z,61
meta/1900/1900-02.jsonl,meta,fe7722e11e6d64e15861c026cb8ad07be080c1f0,2026-09-15T17:31:14.772Z,37
meta/1900/1900-03.jsonl,meta,802aaf3dab852881eaa778fd35ad32080f5118ff,2026-09-15T17:31:21.105Z,100
meta/1900/1900-04.jsonl,meta,e251fb9ed93df2657c22f26483b5e3a5f6a7dc1b,2026-09-15T17:31:26.506Z,43
meta/1900/1900-05.jsonl,meta,ffa3e8c92d7b58f7c1885dfaf68e9a7d4c266597,2026-09-15T17:31:31.919Z,50
meta/1900/1900-06.jsonl,meta,3c067f648a8de5b6a6974009639d8769bf7f9556,2026-09-15T17:31:37.380Z,84
meta/1900/1900-07.jsonl,meta,13980387dce1eeafefb6bfed1ded1f051cbb3e50,2026-09-15T17:31:42.802Z,61
meta/1900/1900-08.jsonl,meta,3fd277c60728833f512834f680648f40a480869e,2026-09-15T17:31:48.302Z,71
meta/1900/1900-09.jsonl,meta,acbab131df130d3eb9fed1f86a0d0f67b03adf35,2026-09-15T17:31:53.723Z,65
meta/1900/1900-10.jsonl,meta,95c8679d59457b4a8a3d260ae2505cde7e01e97a,2026-09-15T17:31:59.122Z,66
meta/1900/1900-11.jsonl,meta,8fa0ccbc838161551898fa8412a5fecf8b39ae36,2026-09-15T17:32:04.619Z,95
meta/1900/1900-12.jsonl,meta,fdb3510e75eb4537d91a3b999599814232a1d95e,2026-09-15T17:32:10.019Z,79
meta/1901/1901-01.jsonl,meta,04b0dd3fef791e95ace639acb950e87b7e010c67,2026-09-15T17:32:15.435Z,68
meta/1901/1901-02.jsonl,meta,06753f50ab9b122b4c81237444530e201eb58384,2026-09-15T17:32:20.871Z,76
meta/1901/1901-03.jsonl,meta,3c8fe4d1ea885b186630abf8971e276345c2f114,2026-09-15T17:32:25.625Z,82
meta/1901/1901-04.jsonl,meta,a0b1d19104af1d88cc00a5000ee8db1017d8e9b7,2026-09-15T17:32:31.025Z,80
meta/1901/1901-05.jsonl,meta,a5702b95bc012bf37837944fc0a6dc14850f6e13,2026-09-15T17:32:36.484Z,77
meta/1901/1901-06.jsonl,meta,0bed011b8a3a9c2c06204c720a1207208959603e,2026-09-15T17:32:41.938Z,59
meta/1901/1901-07.jsonl,meta,2a0bda989e8641d05ad6a537c957662c3bb291b2,2026-09-15T17:32:47.301Z,48
meta/1901/1901-08.jsonl,meta,87e7d781c4426baa5c39ea440602557e0fb183e5,2026-09-15T17:32:52.736Z,98
meta/1901/1901-09.jsonl,meta,4c65dbf648061e636dec34a1af7c081d4ae31623,2026-09-15T17:32:58.130Z,106
meta/1901/1901-10.jsonl,meta,afe3a01d4c6ed4a2b8110d971a5e61ec87291ceb,2026-09-15T17:33:03.482Z,77
meta/1901/1901-11.jsonl,meta,b2b1c06f1b26394d358f476b06326ce67871f47a,2026-09-15T17:33:08.907Z,99
meta/1901/1901-12.jsonl,meta,c3407c0a58163fb410f5363ad28cd5b1baf576e3,2026-09-15T17:33:14.311Z,82
meta/1902/1902-01.jsonl,meta,153272d8caa0bd6e32e82fcb53d37950ddbeec12,2026-09-15T17:33:20.052Z,99
meta/1902/1902-02.jsonl,meta,95080a4b8bc4e3bd54853d60020f81950be685ac,2026-09-15T17:33:25.474Z,90
meta/1902/1902-03.jsonl,meta,a7c91df41596e3602b7caf423140d90c185be198,2026-09-15T17:33:30.970Z,74
meta/1902/1902-04.jsonl,meta,16621e8ce33a75086759c246396952070dafcc6f,2026-09-15T17:33:36.439Z,64
meta/1902/1902-05.jsonl,meta,be65a11c761ba12ef199ca4187b70d063a0d52c1,2026-09-15T17:33:41.839Z,102
meta/1902/1902-06.jsonl,meta,c51f6d6710dc357a0010256f6102ee51f241286e,2026-09-15T17:33:47.346Z,84
meta/1902/1902-07.jsonl,meta,43febd8660ce02e60a6de9bc0a4d7715dff5612f,2026-09-15T17:33:52.722Z,92
meta/1902/1902-08.jsonl,meta,b395cd0b2e90330b72df6a0bc79a1ca161c29f1b,2026-09-15T17:33:58.138Z,76
meta/1902/1902-09.jsonl,meta,289056a15404986c2b8ee41794ede3667498bbd5,2026-09-15T17:34:03.636Z,82
meta/1902/1902-10.jsonl,meta,15e31caba79682717727a3da9aca27aff1ea2ec4,2026-09-15T17:34:09.007Z,92
meta/1902/1902-11.jsonl,meta,0a43047bd4ee8eaf567c5b1e0b81fa1538d5410a,2026-09-15T17:34:14.418Z,86
meta/1902/1902-12.jsonl,meta,c4f360e737476f86b7b7abd77e5b8b5bf1563a53,2026-09-15T17:34:19.834Z,88
meta/1903/1903-01.jsonl,meta,1318b70044d7f49f5bede5360f2a82abbb1ac664,2026-09-15T17:34:25.253Z,156
meta/1903/1903-02.jsonl,meta,8318b26cf94fe9404ed58bd7378abbd70bde377d,2026-09-15T17:34:30.850Z,87
meta/1903/1903-03.jsonl,meta,0ef38bd728a7ce66586f88fe662ba4925e7097aa,2026-09-15T17:34:36.331Z,107
meta/1903/1903-04.jsonl,meta,f0cc5b559024f961406d12026dc5602dbe18df52,2026-09-15T17:34:41.725Z,92
meta/1903/1903-05.jsonl,meta,90b0701f0a510315b2f80bbdc25f7d0f42da4de0,2026-09-15T17:34:47.133Z,140
meta/1903/1903-06.jsonl,meta,5d265e05fbe8a7039f8f71e6d236f6c54da5968b,2026-09-15T17:34:52.524Z,117
meta/1903/1903-07.jsonl,meta,0bc78f0904d083827d2619b3bd8b41c2366e3967,2026-09-15T17:34:57.895Z,107
meta/1903/1903-08.jsonl,meta,1f33350a297dba8d3335fce4632bcfaafcdd0c58,2026-09-15T17:35:03.328Z,112
meta/1903/1903-09.jsonl,meta,bb73cbb4eca00cf7584de997b2bfc0609fcbc2ed,2026-09-15T17:35:08.947Z,103
meta/1903/1903-10.jsonl,meta,5b057e5601f2b7ce0b48f8bd38133d01157b2b8f,2026-09-15T17:35:14.364Z,144
meta/1903/1903-11.jsonl,meta,90b27184475fa25734bec22e046bb6964937f621,2026-09-15T17:35:19.803Z,116
meta/1903/1903-12.jsonl,meta,3e1298bfaf7602dd07682baf69c83de2b23c2c4f,2026-09-15T17:35:25.246Z,81
meta/1904/1904-01.jsonl,meta,a518e07b0765f317c0c5baefd6c51b563788e2fe,2026-09-15T17:35:30.748Z,109
meta/1904/1904-02.jsonl,meta,7b53a4200c24f153ccc6303b300d838f3bcc199b,2026-09-15T17:35:36.160Z,117
meta/1904/1904-03.jsonl,meta,77460ce80c0fa4b7c48e8187e32f77058c228e02,2026-09-15T17:35:41.627Z,129
meta/1904/1904-04.jsonl,meta,e7a7d0465a4ca172776ea931022a7d912fa4198e,2026-09-15T17:35:47.120Z,103
meta/1904/1904-05.jsonl,meta,dbcea06cd849483842093e735af3137b9315c71e,2026-09-15T17:35:52.500Z,129
meta/1904/1904-06.jsonl,meta,7f9612c2a71d86a5051573854c957daf324b268a,2026-09-15T17:35:57.941Z,94
meta/1904/1904-07.jsonl,meta,ab5b02082199c3466680aa017fd83eca7c6d610a,2026-09-15T17:36:03.311Z,105
meta/1904/1904-08.jsonl,meta,41d44b6a89c1bd0ef10a416703780c170f0cce00,2026-09-15T17:36:08.714Z,105
meta/1904/1904-09.jsonl,meta,6baafb72923d06166d1c726eef8d2783812ca5c0,2026-09-15T17:36:14.131Z,108
meta/1904/1904-10.jsonl,meta,7be18635ec0b46712e0ef2016780601417f152e3,2026-09-15T17:36:19.535Z,155
meta/1904/1904-11.jsonl,meta,1b54d368d5ef83ec885ee343146aa8ef8f810bdf,2026-09-15T17:36:25.436Z,101
meta/1904/1904-12.jsonl,meta,b6218c4e5104ec0da2d4443779772e6253f0308b,2026-09-15T17:36:30.937Z,100
meta/1905/1905-01.jsonl,meta,1045f4923ee1685e930f7f5c17db99e6b9d57a99,2026-09-15T17:36:36.425Z,116
meta/1905/1905-02.jsonl,meta,3655b0242258016f0d0c27a9656da9b44c1bf39d,2026-09-15T17:36:41.901Z,93
meta/1905/1905-03.jsonl,meta,50b485e096577039877e9b7baeca117b813de9c3,2026-09-15T17:36:47.354Z,127
meta/1905/1905-04.jsonl,meta,7b5c26ace7c3607dbdaf1671aca2c7cf0da656b4,2026-09-15T17:36:52.915Z,107
meta/1905/1905-05.jsonl,meta,8ca0015bdfefd037e81dd50bc09bf4cd61bb1c2d,2026-09-15T17:36:58.338Z,104
meta/1905/1905-06.jsonl,meta,25bb7375ff5fa61dda13644bf61673fc42518ff8,2026-09-15T17:37:03.760Z,125
meta/1905/1905-07.jsonl,meta,130a0eadc9e430e74a5b936b2fd54dfbfcccb7ee,2026-09-15T17:37:09.274Z,125
meta/1905/1905-08.jsonl,meta,e110a51dfb319fa049e9238582ced5f33ca2b0e9,2026-09-15T17:37:14.708Z,99
meta/1905/1905-09.jsonl,meta,c501355ac8c77571cce012f6dc067a79a57bf1ec,2026-09-15T17:37:20.316Z,122
meta/1905/1905-10.jsonl,meta,b7b1bf74f055a6e0c811fcfcefb8886c870ba93c,2026-09-15T17:37:25.733Z,98
meta/1905/1905-11.jsonl,meta,d11f0fe144ca8a83f51bffad569ab5e7e13f2a6f,2026-09-15T17:37:31.185Z,112
meta/1905/1905-12.jsonl,meta,29469b4e9c08564c00831e0f112b05fc83bffe23,2026-09-15T17:37:36.647Z,117
meta/1906/1906-01.jsonl,meta,68fee307386db537e91a13f205cf0cb7e53ddcf7,2026-09-15T17:37:42.078Z,126
meta/1906/1906-02.jsonl,meta,f85533cba60318df80cd08949096ce7481020c0c,2026-09-15T17:37:47.560Z,104
meta/1906/1906-03.jsonl,meta,57188f3b32633de814a05fbb4a4ded53ca6ed372,2026-09-15T17:37:53.024Z,166
meta/1906/1906-04.jsonl,meta,4b17d90b8fed96e817448c8a920b760fcf651f65,2026-09-15T17:37:58.448Z,97
meta/1906/1906-05.jsonl,meta,2607a863d20cce1d903869fe588548ae0b237746,2026-09-15T17:38:03.874Z,109
meta/1906/1906-06.jsonl,meta,27e2562d560ab39c50486755123d703974ac2258,2026-09-15T17:38:09.484Z,182
meta/1906/1906-07.jsonl,meta,416d0f4918a5c32db9a0f51eea771e177edc086e,2026-09-15T17:38:14.947Z,169
meta/1906/1906-08.jsonl,meta,70121f2d1fbc201d8af6a94382d90740eca7e4ae,2026-09-15T17:38:20.309Z,112
meta/1906/1906-09.jsonl,meta,7963520a10335d600320467db69b5e83a8633483,2026-09-15T17:38:25.730Z,153
meta/1906/1906-10.jsonl,meta,9a11abe68bbed76040de317829868039e492535a,2026-09-15T17:38:31.113Z,103
meta/1906/1906-11.jsonl,meta,a7e1431e7df8115ad57ea1d65c7e176df6b7c60d,2026-09-15T17:38:36.539Z,98
meta/1906/1906-12.jsonl,meta,cdabf7958cecd4d9832bf5b641de1768ca90e84d,2026-09-15T17:38:42.020Z,169
meta/1907/1907-01.jsonl,meta,fa2c4164095f33413ee038022a5ce9cf1b6485c6,2026-09-15T17:38:47.545Z,119
meta/1907/1907-02.jsonl,meta,1e845a2f35dbe08f20e179bf973b259e96c135c2,2026-09-15T17:38:53.027Z,153
meta/1907/1907-03.jsonl,meta,27ba2f91dfb0cd159e18bf6be452e6dd916aa100,2026-09-15T17:38:58.422Z,148
meta/1907/1907-04.jsonl,meta,8d02b416621b00f81427a48e365ea270be0a3ecc,2026-09-15T17:39:03.119Z,106
meta/1907/1907-05.jsonl,meta,a652528c78a75b3490ad9da736c288e71aa47783,2026-09-15T17:39:08.533Z,113
meta/1907/1907-06.jsonl,meta,5f3cc69d9fa0acaef84b48cfa7a8a9eed05c701b,2026-09-15T17:39:13.910Z,154
meta/1907/1907-07.jsonl,meta,9bc2f3f526a41622057bf3164348a7ddf8a8d166,2026-09-15T17:39:19.359Z,119
meta/1907/1907-08.jsonl,meta,437171b9632765f662acbd60f872d774df0749e7,2026-09-15T17:39:24.962Z,131
meta/1907/1907-09.jsonl,meta,2e0d21f977f4ed5047885c5bf8b2d3b9eb9ed019,2026-09-15T17:39:30.465Z,85
meta/1907/1907-10.jsonl,meta,7ed0081f9f9f8a5fb66c28378efb70c0e8686444,2026-09-15T17:39:35.959Z,97
meta/1907/1907-11.jsonl,meta,8d57078ca4e962879c0a29d3ac64b37368409796,2026-09-15T17:39:41.490Z,177
meta/1907/1907-12.jsonl,meta,d3cebe07b6d2083a75169ddc74a613bfc8d79e2e,2026-09-15T17:39:46.938Z,122
meta/1908/1908-01.jsonl,meta,4c00307a17ca3d7ec9abb065e424d20a0e7d08d8,2026-09-15T17:39:52.476Z,193
meta/1908/1908-02.jsonl,meta,5ee4fc429062ae84f535d1da99928a112132c6df,2026-09-15T17:39:57.913Z,120
meta/1908/1908-03.jsonl,meta,46de73d41ecee8f3b4ca2950cad25f4f2af1c78c,2026-09-15T17:40:03.343Z,110
meta/1908/1908-04.jsonl,meta,66a7bb97f8352aa64e1649269eec07ae5ebaa148,2026-09-15T17:40:08.812Z,95
meta/1908/1908-05.jsonl,meta,95904d2b0999df106034e7b0bf5e00023217b394,2026-09-15T17:40:14.223Z,154
meta/1908/1908-06.jsonl,meta,562ab5ecf7a89e2187e363a38c7345dbcda1cf0e,2026-09-15T17:40:19.651Z,136
meta/1908/1908-07.jsonl,meta,c7233f05614303c7a130d67e51d888451d60afc0,2026-09-15T17:40:25.126Z,119
meta/1908/1908-08.jsonl,meta,980ac771757ca5f60a2e550cbf52aa2735bb959b,2026-09-15T17:40:30.654Z,149
meta/1908/1908-09.jsonl,meta,b2083332b9c13cf6014b2b38784daa27530b1d5f,2026-09-15T17:40:36.043Z,108
meta/1908/1908-10.jsonl,meta,5f87d9000f379d2a84111db88bfda784c16471a2,2026-09-15T17:40:41.616Z,130
meta/1908/1908-11.jsonl,meta,ff6fd051088b8bccaa1450902deaa757ef8cc9ad,2026-09-15T17:40:47.100Z,67
meta/1908/1908-12.jsonl,meta,b19a5d46ab310a9abfc7e16623e0e52bdb71f9c2,2026-09-15T17:40:52.552Z,149
meta/1909/1909-01.jsonl,meta,297403b800842be2c29deb65f324ffe3396c7e38,2026-09-15T17:40:58.027Z,176
meta/1909/1909-02.jsonl,meta,c63d5a36a009e3710676f20b4d09facd645eb43d,2026-09-15T17:41:03.427Z,85
meta/1909/1909-03.jsonl,meta,f728e64d2a30fb573dddba14d14338efa6cc6091,2026-09-15T17:41:08.820Z,136
meta/1909/1909-04.jsonl,meta,3ffacc70035474d78aed52c890ddf0f1e736cf71,2026-09-15T17:41:14.239Z,95
meta/1909/1909-05.jsonl,meta,a8e2ef350722ee42d55e206cb8d7fbd410494710,2026-09-15T17:41:19.709Z,175
meta/1909/1909-06.jsonl,meta,8757e1fd4401fe0233a749969954706e80f3e135,2026-09-15T17:41:25.211Z,151
meta/1909/1909-07.jsonl,meta,5fad1c77a6ad425744b43491c646277e538ac29f,2026-09-15T17:41:30.711Z,242
meta/1909/1909-08.jsonl,meta,4cee8ef1f75e74b49de4e944787fa5fcd2b03ffb,2026-09-15T17:41:36.170Z,160
meta/1909/1909-09.jsonl,meta,b4a9769e9fb3f1878b8e2101dcbeb0161769c84f,2026-09-15T17:41:41.648Z,136
meta/1909/1909-10.jsonl,meta,4472d0e3fb8d5c5b6fa4418adbf8d915da89affd,2026-09-15T17:41:47.149Z,189
meta/1909/1909-11.jsonl,meta,c915efe1fe6d1ed75e6e7a0f1b1044f35695432f,2026-09-15T17:41:52.582Z,145
meta/1909/1909-12.jsonl,meta,5afcf20c0153b7a34068c7143d3453e13fabc9e9,2026-09-15T17:41:58.074Z,185
meta/1910/1910-01.jsonl,meta,ba5eb46146cfc0f56646634cbda4186c6d0fa1cc,2026-09-15T17:42:03.579Z,160
meta/1910/1910-02.jsonl,meta,65db290bc63f15b13bae1c8a1384ff04705613ce,2026-09-15T17:42:09.119Z,157
meta/1910/1910-03.jsonl,meta,e276170cc59b244d5aca0830ed7d291d6300e843,2026-09-15T17:42:14.518Z,103
meta/1910/1910-04.jsonl,meta,9c7118b0e26df7d9fcf824bd050fa2da164b55d5,2026-09-15T17:42:19.927Z,108
meta/1910/1910-05.jsonl,meta,edd56bfbb4d04e947fef1af7ea624489c135151e,2026-09-15T17:42:25.405Z,162
meta/1910/1910-06.jsonl,meta,b388069763a8647663434364523b4f9081c77b3d,2026-09-15T17:42:30.979Z,154
meta/1910/1910-07.jsonl,meta,73be0722eacfaa8b3128c4653dd089b6800e01c9,2026-09-15T17:42:36.501Z,162
meta/1910/1910-08.jsonl,meta,5353246cd5bb623321d8bb9ded0c1ae8a02141fc,2026-09-15T17:42:42.058Z,168
meta/1910/1910-09.jsonl,meta,a26afb625cf9b81af8b686bc332091bf82e830c0,2026-09-15T17:42:47.522Z,105
meta/1910/1910-10.jsonl,meta,f3247556e0722ce2bba5b30b4f140b896d26b798,2026-09-15T17:42:52.962Z,151
meta/1910/1910-11.jsonl,meta,0c9abf56035f0f175aff2a095ec9afc7c4d7ba58,2026-09-15T17:42:58.420Z,87
meta/1910/1910-12.jsonl,meta,e8080d7756b7b353c8e91f312c1a3a07f6a6ae5d,2026-09-15T17:43:04.096Z,162
meta/1911/1911-01.jsonl,meta,eda8dd1e2f4a5972b45c48a45707bee2992113af,2026-09-15T17:43:09.553Z,132
meta/1911/1911-02.jsonl,meta,be0defceff9ab517b620a335206f2b77ba7819e1,2026-09-15T17:43:14.945Z,71
meta/1911/1911-03.jsonl,meta,7603c2b3b0d197000e9ffaabe8a7b0823cd93121,2026-09-15T17:43:20.342Z,126
meta/1911/1911-04.jsonl,meta,8de69054c6b203d04c191acd8f0fe5cf350edfac,2026-09-15T17:43:25.803Z,131
meta/1911/1911-05.jsonl,meta,161d703e442972066463a619df5cb6df81fdc7e4,2026-09-15T17:43:31.237Z,164
meta/1911/1911-06.jsonl,meta,0f9968994504640d5d00a91195090243ef4b5360,2026-09-15T17:43:36.661Z,160
meta/1911/1911-07.jsonl,meta,4eadf314ddff3413dad4404c062e34ca480ead1b,2026-09-15T17:43:42.133Z,150
meta/1911/1911-08.jsonl,meta,9011eb2645dfdf09ab08a426d43049f2bac1af7f,2026-09-15T17:43:47.524Z,114
meta/1911/1911-09.jsonl,meta,1336828f3e684d0df352183a62db7f319d3a6a49,2026-09-15T17:43:52.952Z,137
meta/1911/1911-10.jsonl,meta,6a392a2c75f5960bb9d35aead1be867a233a414e,2026-09-15T17:43:58.319Z,81
meta/1911/1911-11.jsonl,meta,7b4320fc750c70b158ab44e7c4650eda41d4c0db,2026-09-15T17:44:03.743Z,105
meta/1911/1911-12.jsonl,meta,b48fd2ecf2328d1b5ad927d680ead23e578c5649,2026-09-15T17:44:09.094Z,84
meta/1912/1912-01.jsonl,meta,43d7c83f39c99f597c0536d1e0e006eb8c75d27b,2026-09-15T17:44:14.527Z,150
meta/1912/1912-02.jsonl,meta,e8f8ee8ab5b3636ee8ad706501c78543bde54852,2026-09-15T17:44:19.992Z,109
meta/1912/1912-03.jsonl,meta,8c9757a8aa01c90ab7a53034976a13b04189de51,2026-09-15T17:44:25.454Z,143
meta/1912/1912-04.jsonl,meta,5a74e48f3ce35a986ed74847f4be0c86890618e4,2026-09-15T17:44:30.960Z,129
meta/1912/1912-05.jsonl,meta,824ea78098496405803013a4145208e9cfa758a4,2026-09-15T17:44:36.427Z,171
meta/1912/1912-06.jsonl,meta,b33d38544b48b5c2adf8f9f4fe65a425e79e2b22,2026-09-15T17:44:41.917Z,174
meta/1912/1912-07.jsonl,meta,2f16f3467bbad6989b3ff1c25c7a3f79b476ce6a,2026-09-15T17:44:47.315Z,128
meta/1912/1912-08.jsonl,meta,6895d851f773fb402d1c4e059044874e85810e92,2026-09-15T17:44:52.747Z,151
meta/1912/1912-09.jsonl,meta,587e7e3e48580c01e2f5422a6b441314a2501d11,2026-09-15T17:44:58.222Z,156
meta/1912/1912-10.jsonl,meta,2f70c01f731e246bae5f619f281789adc6839a78,2026-09-15T17:45:03.635Z,120
meta/1912/1912-11.jsonl,meta,c9d3ca11f632f6b38f4ae96a51aa9ea3001beee1,2026-09-15T17:45:09.059Z,178
meta/1912/1912-12.jsonl,meta,75349e05b036b5d7d5c2960d3dddc2c10f942fca,2026-09-15T17:45:14.522Z,148
meta/1913/1913-01.jsonl,meta,e166a58a6e70525962c6a292c9fd5faa0abf3ce8,2026-09-15T17:45:20.030Z,172
meta/1913/1913-02.jsonl,meta,7d91de9681c8a89ce3d95ff4e85ac8fd0bc8aa1f,2026-09-15T17:45:25.420Z,139
meta/1913/1913-03.jsonl,meta,b674023336bbc5f5c21d10e483ecd80a70c67ef8,2026-09-15T17:45:30.815Z,168
meta/1913/1913-04.jsonl,meta,48b537cc336ecb40cbd57ac6686d0205f0402709,2026-09-15T17:45:36.290Z,126
meta/1913/1913-05.jsonl,meta,b3b026cf081b9bda37ae55aa31dd8582140ba222,2026-09-15T17:45:41.720Z,156
meta/1913/1913-06.jsonl,meta,dac904d5d6cf2a097bfe8c486a9259dd38572643,2026-09-15T17:45:47.108Z,117
meta/1913/1913-07.jsonl,meta,e501fa73da78c850b7caba2b9692b6072fc77657,2026-09-15T17:45:52.577Z,116
meta/1913/1913-08.jsonl,meta,7e4502936e58cbb6fa44e9948d465dae8d84f7fc,2026-09-15T17:45:58.076Z,205
meta/1913/1913-09.jsonl,meta,49f5ef700eada1ac458e7084342a86427f762123,2026-09-15T17:46:03.514Z,184
meta/1913/1913-10.jsonl,meta,d036d5eda836e1d053723a7f868c0664976ae0f8,2026-09-15T17:46:08.960Z,185
meta/1913/1913-11.jsonl,meta,3729faf1132e6f26f6cf155ef7f2679529979181,2026-09-15T17:46:14.720Z,191
meta/1913/1913-12.jsonl,meta,1eb8e1aa0f8645665a10f753b75f2990a0669ace,2026-09-15T17:46:20.321Z,137
meta/1914/1914-01.jsonl,meta,7908279e213702c39869a80c3201c26ceb323e69,2026-09-15T17:46:25.733Z,160
meta/1914/1914-02.jsonl,meta,1fdeb3de6b7c271131efdbef5e069bc104130b1d,2026-09-15T17:46:31.187Z,105
meta/1914/1914-03.jsonl,meta,6ab51f994ffc9338eeafb35ddaa5d2507748b1d8,2026-09-15T17:46:37.160Z,113
meta/1914/1914-04.jsonl,meta,87094b4e36986294ce8d1672e49b9269b4c00a38,2026-09-15T17:46:42.659Z,113
meta/1914/1914-05.jsonl,meta,29b8a9d70fb53b0f3f395eda55fb4f829e0cc1a4,2026-09-15T17:46:49.367Z,224
meta/1914/1914-06.jsonl,meta,4d57460346976257c9578d9d23f38d44921bc981,2026-09-15T17:46:54.835Z,166
meta/1914/1914-07.jsonl,meta,54f0ae165bbdf264f08545b538325d305b2eb068,2026-09-15T17:47:00.264Z,108
meta/1914/1914-08.jsonl,meta,052eee621f0304498e0b552c1662703e09c40945,2026-09-15T17:47:06.413Z,185
meta/1914/1914-09.jsonl,meta,8b3ea94cd9bc5217fa91e570b5e7989b05b04409,2026-09-15T17:47:11.856Z,143
meta/1914/1914-10.jsonl,meta,c4e4da4d6d714b9257bf2b44de3280804640c6e3,2026-09-15T17:47:17.315Z,169
meta/1914/1914-11.jsonl,meta,531f35c4e14b2b2367153489558c0aa7f4a2905c,2026-09-15T17:47:22.975Z,112
meta/1914/1914-12.jsonl,meta,3662a2a28f220f0b762617cb7828e6b2f8b73427,2026-09-15T17:47:28.477Z,116
meta/1915/1915-01.jsonl,meta,ced82461ead6e50b2835075b207baec8115f5159,2026-09-15T17:47:33.961Z,209
meta/1915/1915-02.jsonl,meta,1e2bf7ae157b9b516a3196aecd2e87ef708a80cc,2026-09-15T17:47:39.345Z,127
meta/1915/1915-03.jsonl,meta,d94fd6add5841c7adc629c617f22bd43b43165be,2026-09-15T17:47:44.743Z,172
meta/1915/1915-04.jsonl,meta,2cce9a0dff21ecaf8ed4235d340a0babfb0fddae,2026-09-15T17:47:50.242Z,109
meta/1915/1915-05.jsonl,meta,fe8afc63bfff8ec9ed57558d4a661da2148295d3,2026-09-15T17:47:55.665Z,211
meta/1915/1915-06.jsonl,meta,c6d5b4aefcf2144c485b06b1f3ee603c6aca8ec6,2026-09-15T17:48:01.218Z,136
meta/1915/1915-07.jsonl,meta,cdf9f6e75171b2ad6ba2c49c7d1b6f3cf1c2a99e,2026-09-15T17:48:06.661Z,121
meta/1915/1915-08.jsonl,meta,e313e11c2ef06c61fe43e6fba89f40b9a921a3ee,2026-09-15T17:48:12.224Z,138
meta/1915/1915-09.jsonl,meta,5a8e62f0ab7759d3c3e17428c677f2529b2786bd,2026-09-15T17:48:17.633Z,165
meta/1915/1915-10.jsonl,meta,3cd4270bc22f6750bfa4079b12d3467cdfa83d08,2026-09-15T17:48:23.088Z,207
meta/1915/1915-11.jsonl,meta,c6ea720dbd0a214ec03e2706edce3c314b56af14,2026-09-15T17:48:29.367Z,135
meta/1915/1915-12.jsonl,meta,2d85ed3b2fcadc9f87ca007432f38e8dbe234f0b,2026-09-15T17:48:34.825Z,165
meta/1916/1916-01.jsonl,meta,d933bce0557518f68ef3e074945ed06c55bb951b,2026-09-15T17:48:40.238Z,161
meta/1916/1916-02.jsonl,meta,3709ec68cb353fddd558bee7d63322e838833050,2026-09-15T17:48:46.155Z,151
meta/1916/1916-03.jsonl,meta,88aa36f7cba976acbcb16a6eabe645d21518c99e,2026-09-15T17:48:52.539Z,134
meta/1916/1916-04.jsonl,meta,27f7db3c4345170ac59bebde07fb58c892874e23,2026-09-15T17:48:59.332Z,166
meta/1916/1916-05.jsonl,meta,a51cb56a51839a6efd5f6d1d411bc7226bc4b956,2026-09-15T17:49:06.070Z,121
meta/1916/1916-06.jsonl,meta,3ad9fa1d4307530f14c7bc409987a98cc90836ae,2026-09-15T17:49:11.572Z,182
meta/1916/1916-07.jsonl,meta,cea1aa7c0e22068afa4fc8d94c90adc6812f8bf8,2026-09-15T17:49:17.060Z,187
meta/1916/1916-08.jsonl,meta,bf86b0ec5a7a5602a2667ed7aa9844b748b26a27,2026-09-15T17:49:22.561Z,177
meta/1916/1916-09.jsonl,meta,978409243567b2553428fa3cc033e51c6e087181,2026-09-15T17:49:28.115Z,181
meta/1916/1916-10.jsonl,meta,e4cdfd8121dd5c426b5076a997cb2c652174ee0c,2026-09-15T17:49:33.596Z,164
meta/1916/1916-11.jsonl,meta,f8d3f545c0190ffbec43aab2722c13613255d1f0,2026-09-15T17:49:39.042Z,169
meta/1916/1916-12.jsonl,meta,e0aaf0bee9d7e44f1612b11b2fddad468dbd838b,2026-09-15T17:49:44.445Z,190
meta/1917/1917-01.jsonl,meta,01a893d8579e34c4e9d6eacb0d09c9717ace4b47,2026-09-15T17:49:49.805Z,148
meta/1917/1917-02.jsonl,meta,88c79e341b45df4878397d9aed92aef35e096ee4,2026-09-15T17:49:55.255Z,179
meta/1917/1917-03.jsonl,meta,d3181c38a56239c5bff4d9be217442a887e089e5,2026-09-15T17:50:00.779Z,234
meta/1917/1917-04.jsonl,meta,de2b0d319ff83f068346d9428ed47881e1095349,2026-09-15T17:50:06.277Z,121
meta/1917/1917-05.jsonl,meta,1ea9a04766e2d1d42f7f89425cd3f3e25190fb5a,2026-09-15T17:50:11.735Z,147
meta/1917/1917-06.jsonl,meta,be2ad9a71e61d982fd059854894fa71882c09a0e,2026-09-15T17:50:17.219Z,237
meta/1917/1917-07.jsonl,meta,474cea51a83c00e68e189a51d8cfcaa33c66830e,2026-09-15T17:50:22.673Z,215
meta/1917/1917-08.jsonl,meta,e2080feaf9176ba25affcbe697aef9c944108777,2026-09-15T17:50:28.122Z,188
meta/1917/1917-09.jsonl,meta,a15518f772d95292677487f77f46b1d20ade5b12,2026-09-15T17:50:33.574Z,184
meta/1917/1917-10.jsonl,meta,fc3804b7594997f3b74cbabda7b8f774b42e9935,2026-09-15T17:50:42.393Z,138
meta/1917/1917-11.jsonl,meta,d934c9555ee21030931c5c3a4dfb9f49699ff524,2026-09-15T17:50:47.888Z,136
meta/1917/1917-12.jsonl,meta,a8b78ae62231bf6a52edc50b5455ebc8bfb28a9d,2026-09-15T17:50:53.654Z,185
meta/1918/1918-01.jsonl,meta,b67c69e5c0ad5596b3fdd4fd101855957b08e209,2026-09-15T17:50:59.158Z,176
meta/1918/1918-02.jsonl,meta,c0f936f46ca9614597abbdeb3c21b5697c3afcfd,2026-09-15T17:51:04.648Z,193
meta/1918/1918-03.jsonl,meta,4f9ccac08ea2d915216fc1303b23edd4fa2cee0c,2026-09-15T17:51:10.034Z,232
meta/1918/1918-04.jsonl,meta,723d5b7adf91102afd3e2d70f2951080e64b9291,2026-09-15T17:51:15.457Z,133
meta/1918/1918-05.jsonl,meta,e3f6a03ddc3377cdf2b3627e196a6a6b4d6e957e,2026-09-15T17:51:20.821Z,147
meta/1918/1918-06.jsonl,meta,c6e991a4f1d3d8858939f8c939709d6f2dc0b8b9,2026-09-15T17:51:26.237Z,191
meta/1918/1918-07.jsonl,meta,29f8af57477709574ded72f513357e0253f81f18,2026-09-15T17:51:31.623Z,95
meta/1918/1918-08.jsonl,meta,6c3cbcf273020ce74da5df3150ffa67e94db043b,2026-09-15T17:51:37.026Z,179
meta/1918/1918-09.jsonl,meta,9df748193b8b962e0b076b18b3521f05f0be4617,2026-09-15T17:51:42.461Z,160
meta/1918/1918-10.jsonl,meta,1a29ccc5c4c17a8977dfee276798ecfc7485ae06,2026-09-15T17:51:47.820Z,160
meta/1918/1918-11.jsonl,meta,95533dc158a5eb106396db80c32fa1c434eb744a,2026-09-15T17:51:53.333Z,225
meta/1918/1918-12.jsonl,meta,a45bf87ca9bced52807a28ec8627cbeac2b76439,2026-09-15T17:51:58.738Z,218
meta/1919/1919-01.jsonl,meta,6c4697f3137e7d328a5b10e39c6aeca398a56850,2026-09-15T17:52:04.152Z,247
meta/1919/1919-02.jsonl,meta,e6053f749051afc1b3a042383c7685a08d8d9b3b,2026-09-15T17:52:09.635Z,179
meta/1919/1919-03.jsonl,meta,b4496148d8539cfbf0e0dc5cca7e42437422bb9f,2026-09-15T17:52:15.053Z,137
meta/1919/1919-04.jsonl,meta,c25fb77707eedb38a4107cc8d28fe98065a7e412,2026-09-15T17:52:20.580Z,142
meta/1919/1919-05.jsonl,meta,cfef691bde50733ef6d5a9299fe7acb5fc05a89d,2026-09-15T17:52:26.093Z,261
meta/1919/1919-06.jsonl,meta,5949c0103714a514c1fdfb6533d5229f4bb82991,2026-09-15T17:52:31.527Z,205
meta/1919/1919-07.jsonl,meta,538eae1f3083318cfb397e2a51f767bb0f68119d,2026-09-15T17:52:36.922Z,176
meta/1919/1919-08.jsonl,meta,1bd256a5f69c53542fd40e5c11ee7fb31fdb2880,2026-09-15T17:52:42.319Z,215
meta/1919/1919-09.jsonl,meta,d49f5fcc792be8813f325b1208cbf3ef2acc6d23,2026-09-15T17:52:47.760Z,176
meta/1919/1919-10.jsonl,meta,506bd0c7ff387bec544d20af2e2021a81a9602fc,2026-09-15T17:52:53.242Z,140
meta/1919/1919-11.jsonl,meta,b84bd97bee22e1fd22f4ec11a40a0436d5ed8139,2026-09-15T17:52:58.750Z,236
meta/1919/1919-12.jsonl,meta,a8afd21ee729c945c17cb3032c60cae63353ee17,2026-09-15T17:53:04.218Z,190
meta/1920/1920-01.jsonl,meta,32e9545b2a90b596ca4cd682c8f1d818f272f22c,2026-09-15T17:53:09.694Z,211
meta/1920/1920-02.jsonl,meta,dca3c151c192381894b76d367cc2536dba6d1a18,2026-09-15T17:53:15.162Z,163
meta/1920/1920-03.jsonl,meta,4f75f796a8ad9373a0ba40d094ebd343ff560448,2026-09-15T17:53:20.666Z,170
meta/1920/1920-04.jsonl,meta,e8449528aa1f60526d7c95e839852a6d57ff1b56,2026-09-15T17:53:26.170Z,115
meta/1920/1920-05.jsonl,meta,e1ed9153496cf19c3e8a8fa27714ecbdca2721b9,2026-09-15T17:53:31.626Z,214
meta/1920/1920-06.jsonl,meta,6fdd1cfc0c8560e375672a27d064b1cee79de812,2026-09-15T17:53:37.019Z,156
meta/1920/1920-07.jsonl,meta,4e3ac3517a4a35b9843080595a0326d540256702,2026-09-15T17:53:42.501Z,147
meta/1920/1920-08.jsonl,meta,713541dc0963c3e45fb92ab0b24520e73c29861c,2026-09-15T17:53:47.927Z,168
meta/1920/1920-09.jsonl,meta,b4957faf23b7d4285a232097ee53158982dd340e,2026-09-15T17:53:53.439Z,161
meta/1920/1920-10.jsonl,meta,75b0c5a014ff546255209c95faeed9ab45fb8dff,2026-09-15T17:53:58.836Z,218
meta/1920/1920-11.jsonl,meta,964a27b8a0b355d338ed977821aad90e0b8cdeff,2026-09-15T17:54:04.241Z,154
meta/1920/1920-12.jsonl,meta,5abd52e075013efc926f0621f0126287d31ec7ff,2026-09-15T17:54:09.764Z,198
meta/1921/1921-01.jsonl,meta,cc3eb1221a6f2d97d9bdca2b4b72ff4978c6a8a2,2026-09-15T17:54:15.222Z,175
meta/1921/1921-02.jsonl,meta,3c42f630cd7deda6649bf983f527ae00f899fcdf,2026-09-15T17:54:20.738Z,208
meta/1921/1921-03.jsonl,meta,cac6ce32be2f18089848763026406a3077d354d7,2026-09-15T17:54:26.119Z,165
meta/1921/1921-04.jsonl,meta,4c3a56ea3caa68b20f0b4c5fd66e781223452948,2026-09-15T17:54:31.519Z,138
meta/1921/1921-05.jsonl,meta,c9ace7197095155407950791541c75020721594e,2026-09-15T17:54:36.937Z,190
meta/1921/1921-06.jsonl,meta,fd4548c8fcadd125a9f4fa3f2861a51f573ff458,2026-09-15T17:54:42.360Z,166
meta/1921/1921-07.jsonl,meta,9b7eba0a1b29080e3b005a820aa1f7263a533194,2026-09-15T17:54:47.857Z,175
meta/1921/1921-08.jsonl,meta,8019408f6d9cf8e7a0521cb355d7c0eff07630e7,2026-09-15T17:54:53.371Z,182
meta/1921/1921-09.jsonl,meta,cca0d95102cb017f738ded047a2874c85aa1d1df,2026-09-15T17:54:58.812Z,182
meta/1921/1921-10.jsonl,meta,0e8e475d3671796f2f620706ce710d92fe8d784e,2026-09-15T17:55:04.257Z,215
meta/1921/1921-11.jsonl,meta,7d4fa7f466a0131e0db558e2551e7c1f4f15ca11,2026-09-15T17:55:09.734Z,146
meta/1921/1921-12.jsonl,meta,fe06bec92654a5ef7ffb03a39f25e43e9aa845fa,2026-09-15T17:55:15.137Z,148
meta/1922/1922-01.jsonl,meta,c9d97e2e8cc58e1e77f9dc33aa850927bf69004f,2026-09-15T17:55:20.535Z,219
meta/1922/1922-02.jsonl,meta,ad21847b6af6f250b992922b891e8a5b72b27b19,2026-09-15T17:55:26.068Z,229
meta/1922/1922-03.jsonl,meta,f75e11354408f8f39e50833e0cabff2b0b66e66c,2026-09-15T17:55:31.534Z,179
meta/1922/1922-04.jsonl,meta,02bd1df3962cded97bc0aecd80c05e752593b46d,2026-09-15T17:55:37.018Z,173
meta/1922/1922-05.jsonl,meta,bca2925cde608cef48e67d99c2c31fbdb882a538,2026-09-15T17:55:42.450Z,174
meta/1922/1922-06.jsonl,meta,6cdd6462ed51011c240840876a160c5159e20d70,2026-09-15T17:55:47.914Z,181
meta/1922/1922-07.jsonl,meta,65820f753ef9a23aef6f4b935c35267395070554,2026-09-15T17:55:53.339Z,200
meta/1922/1922-08.jsonl,meta,759fd285adb5ec1a7435d819df0df45f8dfb0b28,2026-09-15T17:55:58.839Z,215
meta/1922/1922-09.jsonl,meta,d3c8fc0ef82da13e4d8bd8da7a5bbcdd58250c7b,2026-09-15T17:56:04.218Z,197
meta/1922/1922-10.jsonl,meta,b26b7229a0e37dcd7a24269854089b452ce0acd9,2026-09-15T17:56:09.647Z,226
meta/1922/1922-11.jsonl,meta,bb1fa230c6a90d8798db0cdfeb4ed82d2eb156d0,2026-09-15T17:56:15.077Z,197
meta/1922/1922-12.jsonl,meta,720817267ae8637ed4a4fc14625038cf8aeb1e5c,2026-09-15T17:56:20.541Z,255
meta/1923/1923-01.jsonl,meta,963d65497e82c9ed9ddb5052ac6e3dcdb02ee1f8,2026-09-15T17:56:25.909Z,192
meta/1923/1923-02.jsonl,meta,45e24fa574a4dce8aff2402d3d8a26a2978f6856,2026-09-15T17:56:31.316Z,223
meta/1923/1923-03.jsonl,meta,50ee829792331d114e9ca348b94ec42e9d8d468d,2026-09-15T17:56:36.734Z,263
meta/1923/1923-04.jsonl,meta,d792f7a1619e8fa3174bef9d8375d3d53f85de90,2026-09-15T17:56:42.258Z,170
meta/1923/1923-05.jsonl,meta,06da5df2e6cee2964e77b5126d3a3b49a0c48f3a,2026-09-15T17:56:47.935Z,229
meta/1923/1923-06.jsonl,meta,e82a941c57e8c390097705e3594c78e9eed67d63,2026-09-15T17:56:53.341Z,196
meta/1923/1923-07.jsonl,meta,3d8699b31f4e83455d2bb789f8b6cc2968ed1fa1,2026-09-15T17:56:58.793Z,277
meta/1923/1923-08.jsonl,meta,dfad2bdc7f41e7bf697f27983af5388c63feda0b,2026-09-15T17:57:04.224Z,173
meta/1923/1923-09.jsonl,meta,d5266400cca34ec142082cf23b3f2ed1ef3c39ea,2026-09-15T17:57:09.689Z,247
meta/1923/1923-10.jsonl,meta,289c0c223febfecc8776eb77b516d33dbb811e36,2026-09-15T17:57:15.127Z,224
meta/1923/1923-11.jsonl,meta,1f70843f9ccb5f0ccec12f1929006796d8547063,2026-09-15T17:57:20.592Z,154
meta/1923/1923-12.jsonl,meta,cd1ee24c9ea4fb18403f36918071c2f8d132f210,2026-09-15T17:57:26.047Z,280
meta/1924/1924-01.jsonl,meta,73e9d65e4f39009d07be64d958fd727aa75c3038,2026-09-15T17:57:31.441Z,217
meta/1924/1924-02.jsonl,meta,9902bf3528259fd3b581774e89df21f056265ab2,2026-09-15T17:57:36.999Z,221
meta/1924/1924-03.jsonl,meta,93cc17d0308fec48493940dc1ee0ba5fb9b311b4,2026-09-15T17:57:42.424Z,213
meta/1924/1924-04.jsonl,meta,75e09d6722c5ef0bf6fd067f7fccbda96868fd27,2026-09-15T17:57:47.844Z,130
meta/1924/1924-05.jsonl,meta,4e18b10aabdd0dd43729d3daf1ea7e051528bb10,2026-09-15T17:57:53.308Z,174
meta/1924/1924-06.jsonl,meta,d3f91a2c5d6653c4edf0119623205547e3083b96,2026-09-15T17:57:58.854Z,242
meta/1924/1924-07.jsonl,meta,50d352781df8fef544a6df4494a9a44f93ede4b1,2026-09-15T17:58:04.323Z,153
meta/1924/1924-08.jsonl,meta,c71317be713935ed6d4d13f2d7704fd072290ecf,2026-09-15T17:58:09.994Z,248
meta/1924/1924-09.jsonl,meta,f8040eb51fb1ec7c95acf9e7a819bde5b4bcc340,2026-09-15T17:58:15.394Z,192
meta/1924/1924-10.jsonl,meta,5bf5fe1999b33a5de87652a9167ea676f6d5470e,2026-09-15T17:58:20.851Z,148
meta/1924/1924-11.jsonl,meta,c9678f9ed78cdc0a280230cfd5cabc360f8a1985,2026-09-15T17:58:26.233Z,193
meta/1924/1924-12.jsonl,meta,6d53cbf218a4327934db345d06278be1808256d8,2026-09-15T17:58:31.618Z,181
meta/1925/1925-01.jsonl,meta,d93ca5275d11f48040f3f2bbeff730ebeec9d356,2026-09-15T17:58:37.073Z,233
meta/1925/1925-02.jsonl,meta,dc122362acc989d90ba2c16f6de178b8b3949d16,2026-09-15T17:58:42.590Z,137
meta/1925/1925-03.jsonl,meta,6874e17e11f75c6b13ba245c186a07a295af8ad1,2026-09-15T17:58:48.210Z,172
meta/1925/1925-04.jsonl,meta,0cf7b02d2810c99e916ce2790628a5b8cd4d4b56,2026-09-15T17:58:53.637Z,128
meta/1925/1925-05.jsonl,meta,768ffef703484c16a7b0e27121135c5e9ead7bfd,2026-09-15T17:58:59.023Z,233
meta/1925/1925-06.jsonl,meta,dbf6ea7f028af7899169028d31f704b8a76b55af,2026-09-15T17:59:04.417Z,195
meta/1925/1925-07.jsonl,meta,a27841f28c4adaaec8739b4a5fcfa55dd8703b76,2026-09-15T17:59:09.826Z,165
meta/1925/1925-08.jsonl,meta,2790eadd25106be7d5320ab3f4f18339db5675d5,2026-09-15T17:59:15.298Z,273
meta/1925/1925-09.jsonl,meta,e55f197c634850276dc5f73c15794e8607f0532f,2026-09-15T17:59:20.761Z,206
meta/1925/1925-10.jsonl,meta,7676ff127a0c1b1894a564ba4a57a76c90f6c67b,2026-09-15T17:59:26.240Z,163
meta/1925/1925-11.jsonl,meta,801b60e49cf471b35d14bcdd9e57163f7d89a595,2026-09-15T17:59:31.622Z,195
meta/1925/1925-12.jsonl,meta,af66bcdb4d13f4cf286a5ce231ab70e1f07155aa,2026-09-15T17:59:37.012Z,165
meta/1926/1926-01.jsonl,meta,fbf214c27f61e17bdfe4442d9a32f28a4ac55c74,2026-09-15T17:59:42.445Z,295
meta/1926/1926-02.jsonl,meta,f903837c584a79dc4b4f4734d649a2967e4fe85e,2026-09-15T17:59:47.932Z,180
meta/1926/1926-03.jsonl,meta,2673d4a0de72bde5ac6983f152eb5ead53082e29,2026-09-15T17:59:53.377Z,276
meta/1926/1926-04.jsonl,meta,63b0622b8da563225177d8c9abbde98970905323,2026-09-15T17:59:58.823Z,193
meta/1926/1926-05.jsonl,meta,f5984d6206b2e9aa66216a54712416a937e1c96c,2026-09-15T18:00:04.342Z,274
meta/1926/1926-06.jsonl,meta,f38cca0cba7a686f6738f3c86b629353b7161f6d,2026-09-15T18:00:09.943Z,204
meta/1926/1926-07.jsonl,meta,654f3747cd355b31895afa9d37ace83cdadd8bb0,2026-09-15T18:00:15.300Z,192
meta/1926/1926-08.jsonl,meta,7dfa5db641ee5d13d902be3cebdff6662ef588ee,2026-09-15T18:00:20.741Z,253
meta/1926/1926-09.jsonl,meta,7a2dca6cc8838fd16fb873a604676d572f0c9cd9,2026-09-15T18:00:26.118Z,206
meta/1926/1926-10.jsonl,meta,fd3d9f193c45be7f5f16658626bbf77031e5c3a8,2026-09-15T18:00:31.677Z,251
meta/1926/1926-11.jsonl,meta,ba167d71e1b7bb3630c6ec6b32993f605f44fd0e,2026-09-15T18:00:37.164Z,183
meta/1926/1926-12.jsonl,meta,a76e1c7440b95c480a2d6f58f48f7e8c65f8f102,2026-09-15T18:00:42.236Z,214
meta/1927/1927-01.jsonl,meta,2c877fbdab9b175d40e7553ed09a805a69059226,2026-09-15T18:00:47.777Z,243
meta/1927/1927-02.jsonl,meta,b6b3aac91f8471134f5acfba4e2a3bbcd076af89,2026-09-15T18:00:53.272Z,201
meta/1927/1927-03.jsonl,meta,b47e58f6148495f8d4b5b1d16f08e5bccb4ed4f8,2026-09-15T18:00:58.761Z,211
meta/1927/1927-04.jsonl,meta,8d28ab56ab42e98356b626ccf952fa997d8479d4,2026-09-15T18:01:04.265Z,183
meta/1927/1927-05.jsonl,meta,ec83214bf5c63e27ca371db67f0b3be31a6c52e9,2026-09-15T18:01:09.839Z,241
meta/1927/1927-06.jsonl,meta,9badb256abf7dd2d35c94a607a10fe299abcb277,2026-09-15T18:01:15.241Z,206
meta/1927/1927-07.jsonl,meta,d9f2293678401d92e90ce77c5a661e06cf3ac49a,2026-09-15T18:01:20.756Z,276
meta/1927/1927-08.jsonl,meta,dc98947af809848a89c913010964c5faca32d069,2026-09-15T18:01:26.217Z,191
meta/1927/1927-09.jsonl,meta,9d25fa7985f6c3a698f6af92038947c05178dabb,2026-09-15T18:01:31.652Z,180
meta/1927/1927-10.jsonl,meta,db79a3cad498938e05ade8f44d442cb089822c94,2026-09-15T18:01:37.055Z,273
meta/1927/1927-11.jsonl,meta,3159a7980c0a7ebf75f60acc805097a650fc5bbd,2026-09-15T18:01:42.543Z,181
meta/1927/1927-12.jsonl,meta,04326769fc921e042be591e001e10d0ff0173bd1,2026-09-15T18:01:47.931Z,217
meta/1928/1928-01.jsonl,meta,2f2c22a89bfd2c19114e2c60226266017ad63bb0,2026-09-15T18:01:53.337Z,222
meta/1928/1928-02.jsonl,meta,88755ed0538c11fb4e9c62d3bec43023ebae6376,2026-09-15T18:01:58.926Z,210
meta/1928/1928-03.jsonl,meta,e40cfed81263af4154c2fb8123f27f2e2c936f84,2026-09-15T18:02:04.344Z,286
meta/1928/1928-04.jsonl,meta,0e953dceb866b0f2349051d6ccd6e4c27bf8858c,2026-09-15T18:02:09.870Z,272
meta/1928/1928-05.jsonl,meta,dd21581880dda508e58e033122506c791ba81de8,2026-09-15T18:02:15.321Z,225
meta/1928/1928-06.jsonl,meta,05c19401c94e134a08184d1b040ad73e210ce599,2026-09-15T18:02:20.746Z,208
meta/1928/1928-07.jsonl,meta,34905f1c67486cb07020014027ba02f658b99cf6,2026-09-15T18:02:26.147Z,247
meta/1928/1928-08.jsonl,meta,4a1dd189454f5d4765244a1088a49ca0161397d0,2026-09-15T18:02:31.662Z,159
meta/1928/1928-09.jsonl,meta,26a69c2735666df41c2d566c87f477c53faf6941,2026-09-15T18:02:37.284Z,250
meta/1928/1928-10.jsonl,meta,0a21c8dd4f74ecc5bcf33446f2d1435922aa2560,2026-09-15T18:02:42.776Z,158
meta/1928/1928-11.jsonl,meta,449f5cf7d41876052ae81c13af1149a7e46da479,2026-09-15T18:02:48.205Z,190
meta/1928/1928-12.jsonl,meta,c87c32671b28e5f824adc4cf9c409bb0e93429ea,2026-09-15T18:02:53.647Z,241
meta/1929/1929-01.jsonl,meta,0fc73af39695b745f63fce0eb208c358d8cf15d9,2026-09-15T18:02:59.014Z,230
meta/1929/1929-02.jsonl,meta,079f00f70b27628950bda134883f9ad01ca20df9,2026-09-15T18:03:04.427Z,216
meta/1929/1929-03.jsonl,meta,4e421c18f8f7a8bbb59908445c667655e0506a46,2026-09-15T18:03:09.849Z,261
meta/1929/1929-04.jsonl,meta,8c6f463f896c81a11642ebc8cea35cc945b831f0,2026-09-15T18:03:15.290Z,188
meta/1929/1929-05.jsonl,meta,4cbea999b56c4fc61f7f5c886f970a488c953123,2026-09-15T18:03:20.727Z,206
meta/1929/1929-06.jsonl,meta,06e1146c3236f94dcaa408f547bcff74ed3e80d1,2026-09-15T18:03:26.149Z,280
meta/1929/1929-07.jsonl,meta,3f65c8e8b939dfd4b1f3173da3c77d5dd0b0dd53,2026-09-15T18:03:31.666Z,262
meta/1929/1929-08.jsonl,meta,d71fb98b098adb93c85f7270cd64a75c83a3fc92,2026-09-15T18:03:37.129Z,217
meta/1929/1929-09.jsonl,meta,8adf8463b63521d511ea53f3ead675de3463c8f4,2026-09-15T18:03:42.513Z,235
meta/1929/1929-10.jsonl,meta,09952cf86c108bfa0ebe0dd1b0809ea12926e846,2026-09-15T18:03:47.907Z,182
meta/1929/1929-11.jsonl,meta,36f37a29be1f1a6649aef94d6fecc90fdef65b4d,2026-09-15T18:03:53.371Z,156
meta/1929/1929-12.jsonl,meta,635dd91447667ae2066c0f511626166a22bd28b9,2026-09-15T18:03:58.888Z,280
meta/1930/1930-01.jsonl,meta,7371cca39e4d111f36a66afa199b54a820070562,2026-09-15T18:04:04.343Z,151
meta/1930/1930-02.jsonl,meta,bf7e0a3386a47858ea1f0e68db33d2aa034354af,2026-09-15T18:04:09.762Z,197
meta/1930/1930-03.jsonl,meta,3b06cb420300d327544fcfa0b441470fbc55a17f,2026-09-15T18:04:15.277Z,229
meta/1930/1930-04.jsonl,meta,db49dd198b59b40cd3718d27bfbcb7540dcf7653,2026-09-15T18:04:20.730Z,170
meta/1930/1930-05.jsonl,meta,61a00178a88aaa8ecd98cd6f0b73c672104041ff,2026-09-15T18:04:26.127Z,182
meta/1930/1930-06.jsonl,meta,942b55653dba556d2e75fa778ee57639bd2d7417,2026-09-15T18:04:31.648Z,286
meta/1930/1930-07.jsonl,meta,dbfaf4f37ce6f2c82a36bb90c1b3d853ba8d5087,2026-09-15T18:04:37.115Z,195
meta/1930/1930-08.jsonl,meta,3e3cc7a7e142f25b2df20ab07ba23962cee7b8c6,2026-09-15T18:04:42.544Z,232
meta/1930/1930-09.jsonl,meta,791bd8a7e3b26a6318f1274bca393190d8c6823e,2026-09-15T18:04:48.018Z,172
meta/1930/1930-10.jsonl,meta,c126ed72727b72c3d9d5df00c9a74e21444afe91,2026-09-15T18:04:53.442Z,184
meta/1930/1930-11.jsonl,meta,b9b8158be25dc95fa643672a9efc8ac96380896e,2026-09-15T18:04:58.856Z,218
meta/1930/1930-12.jsonl,meta,760b831a3b98b211f784defd274b01da734aef9e,2026-09-15T18:05:04.335Z,173
meta/1931/1931-01.jsonl,meta,8909ae6db29692c1b70e3ed97afc6689662a6741,2026-09-15T18:05:09.741Z,319
meta/1931/1931-02.jsonl,meta,dd5d49a2bd41a80b3e729f858f0f5c4281159814,2026-09-15T18:05:15.100Z,221
meta/1931/1931-03.jsonl,meta,88f973b84f6c09a7279d19f81336b84b415c53e9,2026-09-15T18:05:20.528Z,245
meta/1931/1931-04.jsonl,meta,8f96604feba1e2187b0cda61ff75a522914bb884,2026-09-15T18:05:25.924Z,170
meta/1931/1931-05.jsonl,meta,ccb37954deaa19a84852cd9965ebefe13e221f6a,2026-09-15T18:05:31.345Z,240
meta/1931/1931-06.jsonl,meta,0f40f63acceaca39665e1636871b0d9d6a762360,2026-09-15T18:05:36.864Z,197
meta/1931/1931-07.jsonl,meta,c9a9fb4187728e89ddd08042603d3763f0a1d4e7,2026-09-15T18:05:42.443Z,225
meta/1931/1931-08.jsonl,meta,7b927d334de550de3f3b508c57b1c1c666509cce,2026-09-15T18:05:54.868Z,238
meta/1931/1931-09.jsonl,meta,55a57e037f0fa6537c959a26e5eba452f660f06b,2026-09-15T18:06:09.852Z,192
meta/1931/1931-10.jsonl,meta,82ac2af9b456c6af13ad5674099d8c0448f840c3,2026-09-15T18:06:19.681Z,193
meta/1931/1931-11.jsonl,meta,b3ada04e0a8b5ede578c57886c10dbfd6542db79,2026-09-15T18:06:31.998Z,242
meta/1931/1931-12.jsonl,meta,6929604c0d0f85794a070294a1a98690805e9325,2026-09-15T18:06:47.987Z,195
meta/1932/1932-01.jsonl,meta,d7abd772923bbb57bacdff52a5d406228504d850,2026-09-15T18:06:56.163Z,201
meta/1932/1932-02.jsonl,meta,9321d319368c6bc62edfd291504760992adf53d0,2026-09-15T18:07:13.565Z,200
meta/1932/1932-03.jsonl,meta,fa632156af9e7edf0830d162c3773af7d3f194fa,2026-09-15T18:07:23.281Z,194
meta/1932/1932-04.jsonl,meta,11246ece50fc29c11371680716c82987d7dd2257,2026-09-15T18:07:38.549Z,201
meta/1932/1932-05.jsonl,meta,25a8aeca9da73e7b2c8809b124644b920dbbde5b,2026-09-15T18:07:50.248Z,271
meta/1932/1932-06.jsonl,meta,e0b47823ea3982df2925b4fd1616a88cd6aed806,2026-09-15T18:08:02.338Z,215
meta/1932/1932-07.jsonl,meta,174e436bf1d02c842bc6640a8acb61f42cf8fb85,2026-09-15T18:08:10.059Z,238
meta/1932/1932-08.jsonl,meta,458c5ac64d7e2395a10d53968bc68cd9dacc89a1,2026-09-15T18:08:23.005Z,211
meta/1932/1932-09.jsonl,meta,953e28187baece06cc90080ed1f5a843fcb908ab,2026-09-15T18:08:33.370Z,247
meta/1932/1932-10.jsonl,meta,fb1cddc6629a647a5b37e657f3dbe00f546c0f8e,2026-09-15T18:08:48.629Z,256
meta/1932/1932-11.jsonl,meta,59c1f1db3c2a2a9d6f2d4020ee7865de123583fb,2026-09-15T18:08:58.779Z,184
meta/1932/1932-12.jsonl,meta,1ea2c0b6d7ad6dacabc899d3f4f27940d2ec6309,2026-09-15T18:09:07.577Z,195
meta/1933/1933-01.jsonl,meta,4303ef3e8f833b64ac1c59998209e61772673185,2026-09-15T18:09:24.041Z,166
meta/1933/1933-02.jsonl,meta,ffd1d46089b917d96b0ea5f7123fe1287c71ca12,2026-09-15T18:09:38.647Z,169
meta/1933/1933-03.jsonl,meta,4de595afbe7a9bd0fcc9c7a38ae63d7a2a092df4,2026-09-15T18:09:56.043Z,249
meta/1933/1933-04.jsonl,meta,2ccb8f43780b07587ad80664187b333322e48b89,2026-09-15T18:10:11.927Z,199
meta/1933/1933-05.jsonl,meta,f76d5c50511d7d8cd9a2b1f34de469e37d21130c,2026-09-15T18:10:20.955Z,166
meta/1933/1933-06.jsonl,meta,4c48d6b977dfdeb30b8c8f5683538820f011b450,2026-09-15T18:10:29.213Z,184
meta/1933/1933-07.jsonl,meta,e0ece9edf7167137c35f8a87112e852eccfb30a6,2026-09-15T18:10:40.819Z,182
meta/1933/1933-08.jsonl,meta,820a230355b80170222baa18580a72b433de9259,2026-09-15T18:10:54.774Z,193
meta/1933/1933-09.jsonl,meta,b6f9230736d87380a2f7943c90a626e0b34d65b3,2026-09-15T18:11:12.055Z,176
meta/1933/1933-10.jsonl,meta,892b8465f05e2a769a36c3b270a248fdd4c03acc,2026-09-15T18:11:27.763Z,191
meta/1933/1933-11.jsonl,meta,ab8fe57b02b905aed1c8a7fe6e1bc7b1d28d6224,2026-09-15T18:11:35.572Z,186
meta/1933/1933-12.jsonl,meta,c842e9d11b70531d7b1ace86d64b4105995e1f8b,2026-09-15T18:11:50.269Z,250
meta/1934/1934-01.jsonl,meta,ad5189bb5d9b629f3dc6267a18da32fb8b8d254f,2026-09-15T18:12:07.446Z,95
meta/1934/1934-02.jsonl,meta,623c50f18dd58a90479de27d03755488c0cb735b,2026-09-15T18:12:24.452Z,111
meta/1934/1934-03.jsonl,meta,8412572779d39ced5ace904c5b8cd7fca342cb70,2026-09-15T18:12:37.219Z,190
meta/1934/1934-04.jsonl,meta,f801bdbb43c7f06b97d581799ac281b25fce8365,2026-09-15T18:12:50.938Z,238
meta/1934/1934-05.jsonl,meta,be8f443ce22d8d1459a940ef0fc34d1d94cbacf1,2026-09-15T18:13:05.717Z,152
meta/1934/1934-06.jsonl,meta,f70dedbe5ce9efd405021e321111553c1cf13a88,2026-09-15T18:13:17.000Z,149
meta/1934/1934-07.jsonl,meta,5cc82e5dd9735e2329e7ce9ce537e1374c84e139,2026-09-15T18:13:30.859Z,189
meta/1934/1934-08.jsonl,meta,cac48fd01eea7cf011cd7a0695bc10f4fbf5f8c1,2026-09-15T18:13:44.228Z,194
meta/1934/1934-09.jsonl,meta,f89a30ae31e9defa76b990d744fa1d01d149a6d4,2026-09-15T18:14:01.693Z,274
meta/1934/1934-10.jsonl,meta,bc1d305df15089e7fc31e44a7ebbe3983901aa46,2026-09-15T18:14:12.828Z,132
meta/1934/1934-11.jsonl,meta,067b1eb837f426a5cb433f0d96414eab2f43713f,2026-09-15T18:14:20.921Z,104
meta/1934/1934-12.jsonl,meta,2fb760e2d6c20dc3acf056043a10ac3b06e89169,2026-09-15T18:14:36.935Z,130
meta/1935/1935-01.jsonl,meta,36ca2e2de32a8bd7cefac3e112f9dba32b26dc69,2026-09-15T18:14:46.145Z,122
meta/1935/1935-02.jsonl,meta,3f0804a6e76357a076b664ec21e564a2807ff8c6,2026-09-15T18:15:03.358Z,152
meta/1935/1935-03.jsonl,meta,1744ea870c208a8c1fb1c4a557ec1b12338daad8,2026-09-15T18:15:13.658Z,191
meta/1935/1935-04.jsonl,meta,bf46986c089963408b96db68a2de298f324aa308,2026-09-15T18:15:24.465Z,144
meta/1935/1935-05.jsonl,meta,4bedc442c9271883453696c399209a640a368453,2026-09-15T18:15:35.475Z,119
meta/1935/1935-06.jsonl,meta,2d76860da2b70237eae95b1015e20e29b3199afb,2026-09-15T18:15:45.468Z,129
meta/1935/1935-07.jsonl,meta,fccdd0029880702d33c33f60f83e02dc05bf8d7c,2026-09-15T18:15:56.938Z,163
meta/1935/1935-08.jsonl,meta,625d5b6464c889302ecd66d6e2be7faa34329f2c,2026-09-15T18:16:08.624Z,148
meta/1935/1935-09.jsonl,meta,d29fdf3ee354f866a242a664ee4c199d41c23e94,2026-09-15T18:16:17.372Z,147
meta/1935/1935-10.jsonl,meta,655368aa3e595c9a81e53ddd308d6244428bccad,2026-09-15T18:16:25.317Z,130
meta/1935/1935-11.jsonl,meta,9d90132544941fd9eaf7a87d44d195f41c024328,2026-09-15T18:16:40.980Z,140
meta/1935/1935-12.jsonl,meta,7cc528a0cce225749b67e5f35a27f12ea61966e1,2026-09-15T18:16:55.090Z,169
meta/1936/1936-01.jsonl,meta,3f680cc697dd4938c02c52520edf4402a1fe73f7,2026-09-15T18:17:00.534Z,138
meta/1936/1936-02.jsonl,meta,73589cd9bf110c1559956534986956c8d51c27c1,2026-09-15T18:17:08.891Z,127
meta/1936/1936-03.jsonl,meta,6da3d5a57559fe05fe2794a3cfb5649eb4840f46,2026-09-15T18:17:17.294Z,170
meta/1936/1936-04.jsonl,meta,2d352474d672de0a492fb1dbd12908ca6153aeb3,2026-09-15T18:17:25.890Z,139
meta/1936/1936-05.jsonl,meta,80dd3055d5ba9d8240ecbf667cb3d12a92a1427e,2026-09-15T18:17:34.819Z,135
meta/1936/1936-06.jsonl,meta,8b29c704f28dd807af3e291ff023b2fb608319e8,2026-09-15T18:17:44.761Z,122
meta/1936/1936-07.jsonl,meta,0cfa6054111bfa05cfbb5877b513550f826c9ea3,2026-09-15T18:17:52.884Z,96
meta/1936/1936-08.jsonl,meta,c84c55361cf504668bf945070d732720f68eaf90,2026-09-15T18:18:07.199Z,157
meta/1936/1936-09.jsonl,meta,95a648c32dcd15172d67276ba951a8a22d12330a,2026-09-15T18:18:14.740Z,135
meta/1936/1936-10.jsonl,meta,e774255ce13cd50427923406e4ec98d9723479a0,2026-09-15T18:18:24.166Z,134
meta/1936/1936-11.jsonl,meta,610f18d05cf7457d11adc164a34a23a2171af5b1,2026-09-15T18:18:34.244Z,216
meta/1936/1936-12.jsonl,meta,ca3f896929784ae4336818fe1da957e81c861c8a,2026-09-15T18:18:49.865Z,126
meta/1937/1937-01.jsonl,meta,0d8e1e4735edfed9c58ca28c77d5781da3ba67d6,2026-09-15T18:19:06.783Z,151
meta/1937/1937-02.jsonl,meta,28d15916a3cec82dc6de6b4e23fdc149afba80c8,2026-09-15T18:19:16.682Z,133
meta/1937/1937-03.jsonl,meta,5e8a3f8f9642a94416f0501967ea68186fd1b7e2,2026-09-15T18:19:22.117Z,193
meta/1937/1937-04.jsonl,meta,b6a327041bd815a159b8e3b61d38947e7fb160be,2026-09-15T18:19:32.635Z,154
meta/1937/1937-05.jsonl,meta,79053d006fb1689f7fb19f882675143212f9ae65,2026-09-15T18:19:43.440Z,136
meta/1937/1937-06.jsonl,meta,97866c778887f47900a674945ef1e9205ef1a1bb,2026-09-15T18:19:58.240Z,139
meta/1937/1937-07.jsonl,meta,0d41685b22dead1f706cefc1d5cd9b3b9a191f15,2026-09-15T18:20:13.983Z,134
meta/1937/1937-08.jsonl,meta,c04e5cab2cb3dcd447e75b65d50b817df28b768e,2026-09-15T18:20:28.775Z,232
meta/1937/1937-09.jsonl,meta,aabf6e2d282afd509744033309753fcf57513a49,2026-09-15T18:20:43.837Z,122
meta/1937/1937-10.jsonl,meta,421351ef2ba6363db4b7535307dddd70e3bd9391,2026-09-15T18:21:01.296Z,89
meta/1937/1937-11.jsonl,meta,aa574b96f7a2ded3cfae0dae15b2933142eddf84,2026-09-15T18:21:16.257Z,119
meta/1937/1937-12.jsonl,meta,9057eb031a4a420662827cba588a6c92c7f7bfe1,2026-09-15T18:21:28.284Z,101
meta/1938/1938-01.jsonl,meta,db5e64ad6538da204e60cad4fb6a11e6794988d6,2026-09-15T18:21:39.687Z,226
meta/1938/1938-02.jsonl,meta,0b6291725cfd035063c8be9acd59e5581b29b1ba,2026-09-15T18:21:47.873Z,172
meta/1938/1938-03.jsonl,meta,10176832cf2dff4a46c5e0c0fe81908495d2ede9,2026-09-15T18:22:00.836Z,210
meta/1938/1938-04.jsonl,meta,2b708a1e8f8ef12b782cd8715ba64fb8cfd81596,2026-09-15T18:22:15.134Z,151
meta/1938/1938-05.jsonl,meta,1c2d9ac4a39b98f53ee8e63cddcb74bed8306b71,2026-09-15T18:22:23.845Z,165
meta/1938/1938-06.jsonl,meta,e55a050dab0586c9dbe0479ed9e57f09e142bb78,2026-09-15T18:22:37.893Z,163
meta/1938/1938-07.jsonl,meta,b6e5e83c0a25c48403498e4835a4fbf98c8313a1,2026-09-15T18:22:50.474Z,158
meta/1938/1938-08.jsonl,meta,9652f5b290ead204b80a53e95356c328b8256d79,2026-09-15T18:22:58.385Z,210
meta/1938/1938-09.jsonl,meta,f5f980ef79182a49092f70fc0dec8bc44d4f3781,2026-09-15T18:23:15.212Z,136
meta/1938/1938-10.jsonl,meta,412af8cc9ec62386daf1bcb16b622c489dd0417d,2026-09-15T18:23:23.820Z,161
meta/1938/1938-11.jsonl,meta,209d86d387f3b1856ecfeae360095f026264c6eb,2026-09-15T18:23:34.804Z,174
meta/1938/1938-12.jsonl,meta,06d9a1c458bc2171d4ea0c3b535afc69f16b279e,2026-09-15T18:23:45.437Z,148
meta/1939/1939-01.jsonl,meta,3d5f9a8f713163b9fad60486086ee3c77ef10888,2026-09-15T18:23:55.142Z,181
meta/1939/1939-02.jsonl,meta,ccb48bbfb168479c7a2829eec5c73bc4a4f5c049,2026-09-15T18:24:09.833Z,129
meta/1939/1939-03.jsonl,meta,55f46b6370a804dac0d1c88a464a91dfa0b818f9,2026-09-15T18:24:27.259Z,151
meta/1939/1939-04.jsonl,meta,bf696d55d4ea2d1815470828799b9520420e58fd,2026-09-15T18:24:37.640Z,225
meta/1939/1939-05.jsonl,meta,b01eec09f88c3ff1164bf51bd00664ccf63f9c38,2026-09-15T18:24:45.104Z,154
meta/1939/1939-06.jsonl,meta,c53c2def266db450a7f743c19abd5cb138095b58,2026-09-15T18:25:01.401Z,202
meta/1939/1939-07.jsonl,meta,cdb29f47311cf1071d8689517d55af85d9c87104,2026-09-15T18:25:16.436Z,214
meta/1939/1939-08.jsonl,meta,cde441664218c6725f803a2eeaff7b52671cc8d4,2026-09-15T18:25:30.751Z,165
meta/1939/1939-09.jsonl,meta,68557eda3c00eb0b99d1240d9350c6d6c97c471d,2026-09-15T18:25:40.888Z,165
meta/1939/1939-10.jsonl,meta,84ec109a469382ad365b05bf4a50f7150ca9d04a,2026-09-15T18:25:51.116Z,248
meta/1939/1939-11.jsonl,meta,d5891691c998f871b7202da4ec0229a4bbc6d6a7,2026-09-15T18:25:57.957Z,216
meta/1939/1939-12.jsonl,meta,a46c8e1df1c927e5f12d112f005146e9dbe7e930,2026-09-15T18:26:09.452Z,118
meta/1940/1940-03.jsonl,meta,50a7121fdb402d1c957d9b696dc7cf9da22e5bf8,2026-09-15T18:26:25.833Z,1
meta/1940/1940-04.jsonl,meta,16891b5140b3757216ad48c479e92ee693d8cde2,2026-09-15T18:26:41.318Z,215
meta/1940/1940-05.jsonl,meta,3ee3b8f5081fa50b1eb5104a0af0088233b6116a,2026-09-15T18:26:54.016Z,150
meta/1940/1940-06.jsonl,meta,439a7c9a11a3c46adbd1331c9cb6864644047b86,2026-09-15T18:27:08.821Z,177
meta/1940/1940-07.jsonl,meta,f85efebfadfd303cf65b439aa37c28a00049d5f4,2026-09-15T18:27:26.003Z,242
meta/1940/1940-08.jsonl,meta,8ca287e35bbf92f895d307f4dbc8c77a6bacccc3,2026-09-15T18:27:37.073Z,183
meta/1940/1940-09.jsonl,meta,21db3d0bd7aca6c7a8ea038828ca2b000a0be8f0,2026-09-15T18:27:42.519Z,159
meta/1940/1940-10.jsonl,meta,4bf107aca4c4abd928b0fe9c5970bacccb9c8356,2026-09-15T18:27:47.910Z,227
meta/1940/1940-11.jsonl,meta,f761bd673d5ed72f960dabb7bf4aa63c61b223a5,2026-09-15T18:27:53.291Z,163
meta/1940/1940-12.jsonl,meta,d69beb12f4cd7b8057c7e50c0fec5eaede0c605c,2026-09-15T18:27:58.813Z,206
meta/1941/1941-01.jsonl,meta,9beaac73d7481ae520241edfc01153273f563bde,2026-09-15T18:28:04.224Z,152
meta/1941/1941-02.jsonl,meta,a216281b5137617a8930477a3d57d26199447e73,2026-09-15T18:28:09.628Z,142
meta/1941/1941-03.jsonl,meta,4f2e653c6e17b470cd901091ad6c6d963bc77ff9,2026-09-15T18:28:15.143Z,164
meta/1941/1941-04.jsonl,meta,d11e16af77de87a3ddad01bd944b666cf6423ead,2026-09-15T18:28:20.806Z,200
meta/1941/1941-05.jsonl,meta,033c5871861257072bcc907238257b7392064473,2026-09-15T18:28:26.393Z,210
meta/1941/1941-06.jsonl,meta,2754eae68a9d3c2bfed148e821c5c03a6ad7abff,2026-09-15T18:28:31.769Z,180
meta/1941/1941-07.jsonl,meta,6116079412336e4cac52926907ffc3ee7d0d697a,2026-09-15T18:28:37.217Z,246
meta/1941/1941-08.jsonl,meta,f4db2e6a8de4f594ba06b90f0064fa955824f9b6,2026-09-15T18:28:42.549Z,202
meta/1941/1941-09.jsonl,meta,22b794ed5718032b2570c3aaef128cff3d0291d6,2026-09-15T18:28:47.922Z,289
meta/1941/1941-10.jsonl,meta,0dd08368adafbd8664c2fcab21a3e5cb6cdb993e,2026-09-15T18:28:53.450Z,227
meta/1941/1941-11.jsonl,meta,ebcc05786b090c61bf81b2bb6d0eff53cd107b0b,2026-09-15T18:28:58.814Z,283
meta/1941/1941-12.jsonl,meta,767a06e02a938a5e092dfb883d9c69e8706dc0f2,2026-09-15T18:29:04.219Z,221
meta/1942/1942-01.jsonl,meta,2d9f4f081adbff7fdc487926d1cee5b622a11ed2,2026-09-15T18:29:09.560Z,135
meta/1942/1942-02.jsonl,meta,3136184265b89d0d89e496cb3ad37ba24ff22952,2026-09-15T18:29:14.975Z,178
meta/1942/1942-03.jsonl,meta,f351342579cd3f33cfa9b3e0961d8fa495ec5e3a,2026-09-15T18:29:20.357Z,192
meta/1942/1942-04.jsonl,meta,f68b17cda5c2c248a46947f9ca818fa8b47b6c80,2026-09-15T18:29:25.737Z,164
meta/1942/1942-05.jsonl,meta,193f64c4f259e44c2a7e630825b9d7fca01ffb90,2026-09-15T18:29:31.091Z,193
meta/1942/1942-06.jsonl,meta,42511a4f1ab79aa4295cd47d19a86cafb4d2232f,2026-09-15T18:29:36.485Z,180
meta/1942/1942-07.jsonl,meta,062f8882225bc543d04b762e27fb3cb7beb71853,2026-09-15T18:29:41.861Z,104
meta/1942/1942-08.jsonl,meta,a5cf7653fa356599dbf7c6088c95850fa18837d4,2026-09-15T18:29:47.320Z,133
meta/1942/1942-09.jsonl,meta,619d151c61a92473977f7a26758b68d89fa3f123,2026-09-15T18:29:52.681Z,202
meta/1942/1942-10.jsonl,meta,08ab85cecd2b6cab18eddcfebc7f98d4711faa6d,2026-09-15T18:29:58.102Z,233
meta/1942/1942-11.jsonl,meta,b6c88fe7b8b732203f884e510134968f10cc4034,2026-09-15T18:30:03.489Z,124
meta/1942/1942-12.jsonl,meta,410ae76d7327ffd5e0909dedf7a53b04f3d90f79,2026-09-15T18:30:08.901Z,182
meta/1943/1943-01.jsonl,meta,44c9d4a15f700e1ddb0476b892b52bbbf3e9659d,2026-09-15T18:30:14.384Z,217
meta/1943/1943-02.jsonl,meta,63cbb5134696adcc287093da6a3707b7643e53dc,2026-09-15T18:30:19.785Z,181
meta/1943/1943-03.jsonl,meta,6590873da04400f1383b81bacabb5598f63b31aa,2026-09-15T18:30:25.173Z,203
meta/1943/1943-04.jsonl,meta,3facce34811d09493ec46bd0eb5b686804eeb4ef,2026-09-15T18:30:30.703Z,163
meta/1943/1943-05.jsonl,meta,05419242f89bbc0b86a9660e77f3a02bd49ebe70,2026-09-15T18:30:36.069Z,152
meta/1943/1943-06.jsonl,meta,c08178d63a2907078e1d2619ddc24b4f3ecb612b,2026-09-15T18:30:41.514Z,210
meta/1943/1943-07.jsonl,meta,2a7a9c0ab21d1b3e65224970162754b82a5c88a8,2026-09-15T18:30:46.853Z,158
meta/1943/1943-08.jsonl,meta,7cd67085138f4ed78ef79a48ac23990a01d1931c,2026-09-15T18:30:52.149Z,152
meta/1943/1943-09.jsonl,meta,04754b116ad9086594c7e8e8ee8077028b82db35,2026-09-15T18:30:57.475Z,175
meta/1943/1943-10.jsonl,meta,6445ecfa68843fb6995ca64b8d2f859c50ee82a1,2026-09-15T18:31:02.924Z,191
meta/1943/1943-11.jsonl,meta,2cbd46a6cdf394d12b1dff92ea0841d75c009513,2026-09-15T18:31:08.267Z,209
meta/1943/1943-12.jsonl,meta,27dc388e5bcd125ec4a8e53436e022a3c639e88d,2026-09-15T18:31:13.703Z,139
meta/1944/1944-01.jsonl,meta,937b008452deb7adde7d4e88aafaa798767207a4,2026-09-15T18:31:19.076Z,125
meta/1944/1944-02.jsonl,meta,37121bd87af3f90cfe1c7558a3cbedc19f11be47,2026-09-15T18:31:24.517Z,164
meta/1944/1944-03.jsonl,meta,3c24b9828723223ad7014e13d713e87a7c41b7fc,2026-09-15T18:31:29.852Z,81
meta/1944/1944-04.jsonl,meta,ff4fa3d1e8d4b65641e2657bcea5b63ce247b96a,2026-09-15T18:31:35.146Z,187
meta/1944/1944-05.jsonl,meta,874f3de62bf66eeb2f78bbdade9a11424859c716,2026-09-15T18:31:40.565Z,180
meta/1944/1944-06.jsonl,meta,d2e72b657dd0c73e5704baf185d17c1487ff9aa4,2026-09-15T18:31:45.982Z,161
meta/1944/1944-07.jsonl,meta,83ee9a0fd2ce22219598dc953b22182bf53c4cae,2026-09-15T18:31:51.347Z,134
meta/1944/1944-08.jsonl,meta,50a59a03f1da6a576e18d747e4f2e9b6fd8087f7,2026-09-15T18:31:56.855Z,144
meta/1944/1944-09.jsonl,meta,b4560744f51f23ce6b886dd06e70962b2de32296,2026-09-15T18:32:02.320Z,140
meta/1944/1944-10.jsonl,meta,f6129e08a540a9372562775165d8b32e14c3e007,2026-09-15T18:32:07.680Z,214
meta/1944/1944-11.jsonl,meta,d890e1a68e809765b84bffc993e3c4bdaf91a8b9,2026-09-15T18:32:13.113Z,141
meta/1944/1944-12.jsonl,meta,6279bf0ac89070f8bd8aa124a215496c043ca48a,2026-09-15T18:32:18.453Z,115
meta/1945/1945-01.jsonl,meta,74ece2d7b1627557c03a92a11f5d63dbbdd0b77e,2026-09-15T18:32:23.764Z,127
meta/1945/1945-02.jsonl,meta,f5c094875c320d0fb0bd8363ce028ba2bee64b04,2026-09-15T18:32:29.180Z,126
meta/1945/1945-03.jsonl,meta,b5683448e8f0daf18d05e1d06cc5bbdc795abf94,2026-09-15T18:32:34.551Z,115
meta/1945/1945-04.jsonl,meta,8a4febc30afec1e466d79e0ba0279a32dd09756a,2026-09-15T18:32:39.846Z,91
meta/1945/1945-05.jsonl,meta,1f933d0416660fe3ed5629162af9b6bd61bea8e1,2026-09-15T18:32:45.341Z,120
meta/1945/1945-06.jsonl,meta,cd4670996e559e0f72c7adb0ae87e3312ee515e8,2026-09-15T18:32:55.044Z,123
meta/1945/1945-07.jsonl,meta,22198febefaa5fccfa840be72d8445988b5a985d,2026-09-15T18:33:03.603Z,110
meta/1945/1945-08.jsonl,meta,a6552d2d68609e419bf6e50409e1d9d1e3846d50,2026-09-15T18:33:09.024Z,99
meta/1945/1945-09.jsonl,meta,2eb125ce44bbb08b4f576c0b645e7392727f63d4,2026-09-15T18:33:14.341Z,135
meta/1945/1945-10.jsonl,meta,e87380bb2dd0fb33b18a8a2b96ec568509f2faa9,2026-09-15T18:33:19.813Z,143
meta/1945/1945-11.jsonl,meta,8d45251c598410728550bf4514a277f4f87175f6,2026-09-15T18:33:25.207Z,212
meta/1945/1945-12.jsonl,meta,abc152a6555fb8a01999ae44fa46a94fd409a672,2026-09-15T18:33:30.549Z,184
meta/1946/1946-01.jsonl,meta,93d6fcd660644e2ccb9c4dc122aae5bdc5802fd2,2026-09-15T18:33:35.990Z,142
meta/1946/1946-02.jsonl,meta,9df7a4c6ee006b83060176ff98ad559ea6ebaf7b,2026-09-15T18:33:41.323Z,51
meta/1946/1946-03.jsonl,meta,e4f39a9225365c32b174c0686533d27bb7e03e53,2026-09-15T18:33:46.651Z,175
meta/1946/1946-04.jsonl,meta,e04511e3136bae528b5d2b63f4aa6d332d039138,2026-09-15T18:33:52.132Z,212
meta/1946/1946-05.jsonl,meta,a6b32d9b1419cc02c171b6a0fc667cadd552963f,2026-09-15T18:33:57.492Z,73
meta/1946/1946-06.jsonl,meta,a0b8f8d78f008a88e7dbeddbf1ebe29479e8554f,2026-09-15T18:34:02.860Z,136
meta/1946/1946-07.jsonl,meta,598d20857852b23249b294e98d8dd5c4eaaf8b80,2026-09-15T18:34:08.333Z,132
meta/1946/1946-08.jsonl,meta,3eb5c6ab908e1ff0b33b609e0fcb1acae9ba1429,2026-09-15T18:34:13.792Z,164
meta/1946/1946-09.jsonl,meta,06cc62af9d56a4872b7037d413b10cd4dfe8fc79,2026-09-15T18:34:24.480Z,182
meta/1946/1946-10.jsonl,meta,dbc18d08fe7e22f72a595730717effd3372c6f56,2026-09-15T18:34:41.327Z,144
meta/1946/1946-11.jsonl,meta,140adb9ab48ab0d702181c0cc90f0bfede8584bf,2026-09-15T18:34:46.628Z,182
meta/1946/1946-12.jsonl,meta,7431670d72c5f9c79b597d750a7b72d40428f262,2026-09-15T18:34:52.003Z,152
meta/1947/1947-01.jsonl,meta,a5e8b5b72e7a212dfc31cdf90bdd146473cdd125,2026-09-15T18:34:57.402Z,133
meta/1947/1947-02.jsonl,meta,d0cec5edc35c192dd6985031347947fa01b8f76a,2026-09-15T18:35:02.844Z,174
meta/1947/1947-03.jsonl,meta,f97b12dcb9edb6e49eaa43f9e01e54a3e341cd20,2026-09-15T18:35:08.174Z,161
meta/1947/1947-04.jsonl,meta,dba5ba7e13d77e97a53b03f10af1fc49429d6192,2026-09-15T18:35:13.577Z,228
meta/1947/1947-05.jsonl,meta,9c81ac17c3b8c8b7aef8f9dfd377bee0448dc5ba,2026-09-15T18:35:18.943Z,191
meta/1947/1947-06.jsonl,meta,81a5f37d038f57e60eeafbe59b736b9080b8f471,2026-09-15T18:35:24.275Z,149
meta/1947/1947-07.jsonl,meta,d3855b32ca0d6b0854ef13adc3ebdc2ffa14abd2,2026-09-15T18:35:29.781Z,247
meta/1947/1947-08.jsonl,meta,b0ae6aa805b9605256839420ea937f670139ebb1,2026-09-15T18:35:35.163Z,143
meta/1947/1947-09.jsonl,meta,66bc4a0a5ecd5761741a847adb0323965d14982f,2026-09-15T18:35:40.663Z,200
meta/1947/1947-10.jsonl,meta,b5c6d46d129b88868d7ad8148d46ba93572d2a8a,2026-09-15T18:35:46.057Z,190
meta/1947/1947-11.jsonl,meta,7b5f5f0473476a67748f9250481421bca6c6b740,2026-09-15T18:35:51.627Z,251
meta/1947/1947-12.jsonl,meta,ce580adee757db5e5e42e551ec494d6e3ec68d67,2026-09-15T18:35:56.988Z,338
meta/1948/1948-01.jsonl,meta,b8bd870cead31ee5d10b8616d9fcafc47a8d7a53,2026-09-15T18:36:02.354Z,302
meta/1948/1948-02.jsonl,meta,81e97fd9d658ded2681cd72c4834550d30746625,2026-09-15T18:36:07.792Z,269
meta/1948/1948-03.jsonl,meta,c1d6e70c79bdc7e0b790775ad77a536c4beee3a3,2026-09-15T18:36:13.169Z,416
meta/1948/1948-04.jsonl,meta,83fcd241f898592efc5dc5b5b73424c78bbeda63,2026-09-15T18:36:18.682Z,244
meta/1948/1948-05.jsonl,meta,0f2eb7c508cbf91a3e218bb20ee183e57fdb86f5,2026-09-15T18:36:24.077Z,37
meta/1948/1948-06.jsonl,meta,3986f5b5734cc06b07630199302441d664fbcd89,2026-09-15T18:36:29.473Z,537
meta/1948/1948-07.jsonl,meta,438f66312c43701275ee6bbd36a900cd51531b72,2026-09-15T18:36:34.954Z,1053
meta/1948/1948-08.jsonl,meta,80853199f6d7e46d4cb24a81431b7de0efe20acf,2026-09-15T18:36:40.393Z,814
meta/1948/1948-09.jsonl,meta,db287534c097121015878bcc43b1e9ea4537a2a4,2026-09-15T18:36:45.761Z,593
meta/1948/1948-10.jsonl,meta,03dc9096fce8075581f54b35d546abba358f9a43,2026-09-15T18:36:51.205Z,350
meta/1948/1948-11.jsonl,meta,9c536c77279e4b9f565e29d80bf08693695d4b60,2026-09-15T18:36:56.539Z,278
meta/1948/1948-12.jsonl,meta,98d58ede893ea0a451f4fb8a21eb6ffe79f14deb,2026-09-15T18:37:01.909Z,235
meta/1949/1949-01.jsonl,meta,2ad1a1a702249cd5c1721c2cb17e8e9f383f9f73,2026-09-15T18:37:07.347Z,227
meta/1949/1949-02.jsonl,meta,ee77882330662017b325c4e6192ea98a0a286725,2026-09-15T18:37:12.769Z,355
meta/1949/1949-03.jsonl,meta,0d14cec3a6fdf406db88bbef0be6b39832731a89,2026-09-15T18:37:18.171Z,407
meta/1949/1949-04.jsonl,meta,ea27c9641ec9584344d216c1c6a024ab0ba072d6,2026-09-15T18:37:23.572Z,245
meta/1949/1949-05.jsonl,meta,f39cfd48e78851c055b8f577d0affd6d57878778,2026-09-15T18:37:36.886Z,403
meta/1949/1949-06.jsonl,meta,01088fc661a6bcc47237dc39341c10589aa4af0f,2026-09-15T18:37:46.026Z,376
meta/1949/1949-07.jsonl,meta,6f4aa1eaa540ec5781fdfe9a21bd87d3d0f6969e,2026-09-15T18:37:51.393Z,506
meta/1949/1949-08.jsonl,meta,4bdfbd1afe189bc28b15ed0cb85d4647c2f0f731,2026-09-15T18:38:04.125Z,385
meta/1949/1949-09.jsonl,meta,b34e9caf54150ca58b853da3d3381efdf6e22309,2026-09-15T18:38:09.533Z,336
meta/1949/1949-10.jsonl,meta,2096163be9f758c842c8eb77e1eb4363d63ccb1c,2026-09-15T18:38:14.876Z,282
meta/1949/1949-11.jsonl,meta,5d98520738c8f85d244e7e71555a915985a93284,2026-09-15T18:38:20.248Z,259
meta/1949/1949-12.jsonl,meta,cdff01d16db311224db52714247fc57e594f8fe6,2026-09-15T18:38:25.677Z,190
meta/1950/1950-01.jsonl,meta,0fe184af248416a81aa193dabbf95bd9ab3f42ec,2026-09-15T18:38:31.115Z,376
meta/1950/1950-02.jsonl,meta,e44ef0c60a390c213036d67a8f8daacc45378575,2026-09-15T18:38:36.514Z,302
meta/1950/1950-03.jsonl,meta,ffa438765045204e254cc7920643321e1cfbf382,2026-09-15T18:38:41.859Z,227
meta/1950/1950-04.jsonl,meta,99012ca0be01349b6adb351ee4480a3a58fa424c,2026-09-15T18:38:47.348Z,190
meta/1950/1950-05.jsonl,meta,ee18ff33b560f51e229b3b18b4606f9156bdfcfa,2026-09-15T18:38:52.823Z,426
meta/1950/1950-06.jsonl,meta,807fc257a78098506a6632e8e55a5d861ea671e7,2026-09-15T18:38:58.197Z,355
meta/1950/1950-07.jsonl,meta,3fa6d289e10680c7d1b11a9249deca6977399cef,2026-09-15T18:39:03.603Z,259
meta/1950/1950-08.jsonl,meta,2cb8ebafa437bbfb230cb325ff395b80ae9b63c7,2026-09-15T18:39:08.978Z,326
meta/1950/1950-09.jsonl,meta,dde6bc91f0fcec3eb9c30bc1b8634b38948b50bd,2026-09-15T18:39:14.442Z,535
meta/1950/1950-10.jsonl,meta,158a72daed303cb65a2a9654dfafff3482cb052e,2026-09-15T18:39:19.923Z,731
meta/1950/1950-11.jsonl,meta,76c9b173597f3bc4ac5c7d8ed69b65211d8b1fa1,2026-09-15T18:39:25.320Z,402
meta/1950/1950-12.jsonl,meta,f01b5e9f64bd9766ed2b2ae939b0f8ffb6d34396,2026-09-15T18:39:30.682Z,235
meta/1951/1951-01.jsonl,meta,d7c75b1fa87bd7ce48743305d0980faf1c15d14d,2026-09-15T18:39:36.122Z,333
meta/1951/1951-02.jsonl,meta,c925237fc423452939476b390dbb1052c40521f8,2026-09-15T18:39:41.591Z,374
meta/1951/1951-03.jsonl,meta,681f1c297d6ac6155841b523b19208e6c5b08261,2026-09-15T18:39:47.105Z,342
meta/1951/1951-04.jsonl,meta,ebd5b31bcdce2beba8fca5816f41b0312e72743f,2026-09-15T18:39:52.507Z,342
meta/1951/1951-05.jsonl,meta,e0025d2bd2ae90c85419a16be7fd558a95ef4d82,2026-09-15T18:39:57.885Z,216
meta/1951/1951-06.jsonl,meta,7ccc6455298d39947a47c9f10bfbe57e74a371f4,2026-09-15T18:40:03.301Z,246
meta/1951/1951-07.jsonl,meta,df9851cf6081972e0e4c64a3050ca7373f9142e1,2026-09-15T18:40:08.900Z,289
meta/1951/1951-08.jsonl,meta,640a44ef17c101e861fa0b55a3d867673e08207e,2026-09-15T18:40:14.310Z,418
meta/1951/1951-09.jsonl,meta,cdcafb9eeea505c1aa6c2b10923bb2d8915c6919,2026-09-15T18:40:19.670Z,427
meta/1951/1951-10.jsonl,meta,2bb59c222c0a53c5d5a7cbf6eebf4413152b5a00,2026-09-15T18:40:25.113Z,668
meta/1951/1951-11.jsonl,meta,0455cb811ab8857068c327cb2d881624cde26edf,2026-09-15T18:40:30.492Z,400
meta/1951/1951-12.jsonl,meta,7af46812eaffdcce4007494d555595022debb9e5,2026-09-15T18:40:35.863Z,278
meta/1952/1952-01.jsonl,meta,df1efc6ec87feb7af724505b897b7877c0f08235,2026-09-15T18:40:41.261Z,266
meta/1952/1952-02.jsonl,meta,8f2846a7d965f470d9915d117fcd30ca13aca593,2026-09-15T18:40:46.691Z,201
meta/1952/1952-03.jsonl,meta,c9aeb5c55f8a8daf582e4864b9277ae3b6c8472a,2026-09-15T18:40:52.066Z,209
meta/1952/1952-04.jsonl,meta,b653dd542e5ed68a8c8b6342dee22c60f10f60f9,2026-09-15T18:40:57.520Z,212
meta/1952/1952-05.jsonl,meta,37e7edf5f72aa5137f0dae5cdca676bd39d4b29c,2026-09-15T18:41:02.951Z,351
meta/1952/1952-06.jsonl,meta,f93a1c55bae7c629ef08ca91533446324710cfae,2026-09-15T18:41:08.343Z,261
meta/1952/1952-07.jsonl,meta,4a478b72f78449e6565b79558837328ad3938b65,2026-09-15T18:41:13.696Z,355
meta/1952/1952-08.jsonl,meta,dd67ba0675e4bf8af10b9b36680dd2e7d0c49de7,2026-09-15T18:41:19.107Z,352
meta/1952/1952-09.jsonl,meta,3af0079b74106c4e30c1e594db3819ed2f6ba24f,2026-09-15T18:41:24.506Z,537
meta/1952/1952-10.jsonl,meta,692f1c1df4f74111024daf3bbda9dfa473b29ac2,2026-09-15T18:41:30.139Z,278
meta/1952/1952-11.jsonl,meta,1169dcdb4055a20f94e5d12d8b30fe30789cbe81,2026-09-15T18:41:35.494Z,474
meta/1952/1952-12.jsonl,meta,b08c2da918b8891fc265df5807e0e269d233abbb,2026-09-15T18:41:40.875Z,279
meta/1953/1953-01.jsonl,meta,2dc1062aee871d9667d06a7624e621af2bc456fb,2026-09-15T18:41:46.335Z,248
meta/1953/1953-02.jsonl,meta,e05df4a12163694f5542b2273315d66645f9065e,2026-09-15T18:41:51.654Z,300
meta/1953/1953-03.jsonl,meta,f7fa6956fa1676b931b34b428dc6cc7b1ecfbe56,2026-09-15T18:41:57.076Z,479
meta/1953/1953-04.jsonl,meta,6546859ceadf7dc575178edba5318be68402bfa8,2026-09-15T18:42:02.493Z,536
meta/1953/1953-05.jsonl,meta,b4205cc0400fd51db905ae2b7a9b79c40856e360,2026-09-15T18:42:07.970Z,1042
meta/1953/1953-06.jsonl,meta,adff708f13f3a14c97bc314175f1d0ccbe496a18,2026-09-15T18:42:13.494Z,859
meta/1953/1953-07.jsonl,meta,303836b35e6d4a4373cd0e5eca1c43221d4e8b8c,2026-09-15T18:42:18.893Z,662
meta/1953/1953-08.jsonl,meta,0daf5256263c9b81b902678003c78f79c06f7343,2026-09-15T18:42:24.323Z,296
meta/1953/1953-09.jsonl,meta,d12659f56693eb2ab02794f84f27d2a4df0cfe5f,2026-09-15T18:42:29.757Z,589
meta/1953/1953-10.jsonl,meta,9b218a0cec43ef123efbecc47f71575e4cae2298,2026-09-15T18:42:35.196Z,660
meta/1953/1953-11.jsonl,meta,25a1e44ab3d3532189dfda04d03836770eb694d5,2026-09-15T18:42:40.716Z,682
meta/1953/1953-12.jsonl,meta,eeba983f701ad58d34a6cdaa2f84fafd8cf94347,2026-09-15T18:42:46.145Z,259
meta/1954/1954-01.jsonl,meta,8109c00cc9ea9e998178ce1b13bba58fb7c8590a,2026-09-15T18:42:51.561Z,680
meta/1954/1954-02.jsonl,meta,1979563d4df5fc891e7c49ae1ca153981a45e0b3,2026-09-15T18:42:57.102Z,607
meta/1954/1954-03.jsonl,meta,ea40657e608a5e138ca88b8c54dc4c3c1013f5ab,2026-09-15T18:43:02.554Z,554
meta/1954/1954-04.jsonl,meta,5f1f7383ad9e255c5e1d9129b60e99cd4f6195f7,2026-09-15T18:43:07.973Z,513
meta/1954/1954-05.jsonl,meta,d6081e321012e2f601a01b9c5ce26e0a7f4788cb,2026-09-15T18:43:13.394Z,512
meta/1954/1954-06.jsonl,meta,9a715000cc9a09446d0fad5099582c6d981a80a1,2026-09-15T18:43:18.911Z,300
meta/1954/1954-07.jsonl,meta,63f9511bfe789b1153b001c4c1779ad1960e526c,2026-09-15T18:43:24.306Z,393
meta/1954/1954-08.jsonl,meta,39ca31735a683b868d64c1ba2a041139d952323d,2026-09-15T18:43:29.706Z,347
meta/1954/1954-09.jsonl,meta,2c2f397e59f4b1438b5b21405cb94ea089bbc287,2026-09-15T18:43:35.074Z,362
meta/1954/1954-10.jsonl,meta,253eb8cfd3f63a69c41a5b3287aadf7d9db27686,2026-09-15T18:43:40.480Z,464
meta/1954/1954-11.jsonl,meta,8dd9f2922193bceaca08156b1f160f316ff9fe82,2026-09-15T18:43:45.914Z,718
meta/1954/1954-12.jsonl,meta,1f64d7d70ada6602a86b049fdaeb1f8c3430e767,2026-09-15T18:43:51.267Z,285
meta/1955/1955-01.jsonl,meta,96f7944e825aa910f2b856b2c8668d6ace490c92,2026-09-15T18:43:56.669Z,279
meta/1955/1955-02.jsonl,meta,433e1156ee6d5f76be12511b5180bfe6586e6935,2026-09-15T18:44:02.201Z,404
meta/1955/1955-03.jsonl,meta,f17c17f12a2f973ed5fb4ba6440f44fb9c2b5f7f,2026-09-15T18:44:07.628Z,343
meta/1955/1955-04.jsonl,meta,687ec5a36b17b00c4898ea7542443f7ac802344d,2026-09-15T18:44:13.036Z,584
meta/1955/1955-05.jsonl,meta,4cd50229c52e6386a7f15fb516896cd00844e800,2026-09-15T18:44:18.578Z,563
meta/1955/1955-06.jsonl,meta,b7119803230458e798e5c3187b6058958de0aa06,2026-09-15T18:44:24.009Z,752
meta/1955/1955-07.jsonl,meta,f0d62c427b274ed523db5ae670f811ad8a4d86be,2026-09-15T18:44:29.487Z,391
meta/1955/1955-08.jsonl,meta,1a63adcdced1505d6feacc90d24ea1a75d81cf96,2026-09-15T18:44:34.883Z,397
meta/1955/1955-09.jsonl,meta,8077201aceacc95b70e4ccdaa740eef53e981e2d,2026-09-15T18:44:40.306Z,682
meta/1955/1955-10.jsonl,meta,1e2a41f42a45258e749e7b45dcd874c4fb82da9f,2026-09-15T18:44:45.682Z,126
meta/1955/1955-11.jsonl,meta,1a400a1715de6f455547a4872671e6e0b20d2438,2026-09-15T18:44:51.134Z,506
meta/1955/1955-12.jsonl,meta,6538e945b30d4d11162c44336fe8e8a59d894145,2026-09-15T18:44:56.555Z,475
meta/1956/1956-01.jsonl,meta,c20126c460d5ba15de8eaef52b98e9e6644c4ae5,2026-09-15T18:45:02.112Z,551
meta/1956/1956-02.jsonl,meta,d65e2b2c0983d1be6e858601f7615e40a9979186,2026-09-15T18:45:07.468Z,512
meta/1956/1956-03.jsonl,meta,e37b82e91603bdb004b011987e49df1491b16e81,2026-09-15T18:45:12.895Z,291
meta/1956/1956-04.jsonl,meta,65bcb08d47c6eaad1500bb22cb376c34197583b2,2026-09-15T18:45:18.274Z,486
meta/1956/1956-05.jsonl,meta,d4b7c1f4a51c4a3309fcd7aa2ea3b6b3a9cabe77,2026-09-15T18:45:23.707Z,393
meta/1956/1956-06.jsonl,meta,f36847dfb1182c47a22eba7017a6a813d5c59db2,2026-09-15T18:45:29.132Z,449
meta/1956/1956-07.jsonl,meta,195bd07aca9d01f300d865859dabce836eae671f,2026-09-15T18:45:34.472Z,171
meta/1956/1956-08.jsonl,meta,5aded9a66002a87bc6691e868893ff5b6e21f7c4,2026-09-15T18:45:39.936Z,999
meta/1956/1956-09.jsonl,meta,fb3997b32f597d7c347e1eaf4688ec76955f7a15,2026-09-15T18:45:45.446Z,476
meta/1956/1956-10.jsonl,meta,399679cdbf58702d5c3f2c7631935e0dba6238d4,2026-09-15T18:45:50.917Z,765
meta/1956/1956-11.jsonl,meta,e655fa9334d508526b257e623c00827ccf76e4af,2026-09-15T18:45:56.311Z,681
meta/1956/1956-12.jsonl,meta,6c7a543530259d96a7e6b61f4800fddba77611e7,2026-09-15T18:46:01.746Z,1084
meta/1957/1957-01.jsonl,meta,42c3ca15ce6877f2bb18e9cd9f163d7db06ceeb7,2026-09-15T18:46:07.219Z,594
meta/1957/1957-02.jsonl,meta,f0ddf507369ed6fda0afedb98707f2b918f7a366,2026-09-15T18:46:12.667Z,436
meta/1957/1957-03.jsonl,meta,4be4b0d1290c451a070373cd9e211b14ba4f96c3,2026-09-15T18:46:18.079Z,628
meta/1957/1957-04.jsonl,meta,767c67b83b1316dba5c1597ddf87f67563b65f4a,2026-09-15T18:46:23.460Z,422
meta/1957/1957-05.jsonl,meta,e4c20b934e353df91b0eee0eef96a072004734bb,2026-09-15T18:46:28.868Z,497
meta/1957/1957-06.jsonl,meta,ed27c4d6803099f463ccf546c919d9d6d56df182,2026-09-15T18:46:34.267Z,404
meta/1957/1957-07.jsonl,meta,98f3a75655a3118ffa08fd6de78e10da45776bee,2026-09-15T18:46:39.680Z,441
meta/1957/1957-08.jsonl,meta,212d722c1ab1f19f05618dc38d733988db00a344,2026-09-15T18:46:45.145Z,1026
meta/1957/1957-09.jsonl,meta,289f892cad4bef18480b1c7b19ca3ce5d7a43783,2026-09-15T18:46:50.601Z,527
meta/1957/1957-10.jsonl,meta,bb93ff248863fdecdcbe8daa0f89d94774fb708e,2026-09-15T18:46:56.081Z,434
meta/1957/1957-11.jsonl,meta,444675eeb7b4d55edfaf6829749dd429fafd0c6c,2026-09-15T18:47:01.560Z,359
meta/1957/1957-12.jsonl,meta,90454e8a29e3fbb794229c098f1078deecfe86bf,2026-09-15T18:47:07.007Z,670
meta/1958/1958-01.jsonl,meta,260b3a3e25996493206b35b6a6f93c736eb7b8ab,2026-09-15T18:47:12.399Z,452
meta/1958/1958-02.jsonl,meta,85e3fe1389b21dac6ced66e19a68348880d015e1,2026-09-15T18:47:17.815Z,429
meta/1958/1958-03.jsonl,meta,b057f537f79d3f0881b1f5dec330e4f5ada6aade,2026-09-15T18:47:23.379Z,414
meta/1958/1958-04.jsonl,meta,1eeecb4f80d6b0821e96b869baeadef042e9b2f1,2026-09-15T18:47:28.930Z,527
meta/1958/1958-05.jsonl,meta,af86af7f2b9210dba5fe6e4d653f5b45f56c9fda,2026-09-15T18:47:34.247Z,392
meta/1958/1958-06.jsonl,meta,3f425011a233c58515383043996fd5ecf6768554,2026-09-15T18:47:39.702Z,529
meta/1958/1958-07.jsonl,meta,dfcd4b327bf860ce5d75c06d88cb6cc32aa8a8df,2026-09-15T18:47:45.076Z,466
meta/1958/1958-08.jsonl,meta,256cbaef492d3520189c75a44e4eafd4b0dab788,2026-09-15T18:47:50.565Z,377
meta/1958/1958-09.jsonl,meta,7f12966696bbe12de82339015936b5210d9f28d5,2026-09-15T18:47:56.073Z,689
meta/1958/1958-10.jsonl,meta,74d968014a20fe88c8a6908b9634547278d932a3,2026-09-15T18:48:01.602Z,376
meta/1958/1958-11.jsonl,meta,5f1d402c51779dab24ac226b9fd2e512dc7b2f42,2026-09-15T18:48:06.978Z,395
meta/1958/1958-12.jsonl,meta,640d2447081c5adaeefc0f6a15615198522499d9,2026-09-15T18:48:12.392Z,365
meta/1959/1959-01.jsonl,meta,ee099113cba8a2e05fce73dca6ef6b940e990040,2026-09-15T18:48:17.770Z,420
meta/1959/1959-02.jsonl,meta,49bbefcb69d38765ee6b8828d390c49d8a77be09,2026-09-15T18:48:23.202Z,322
meta/1959/1959-03.jsonl,meta,893a21e6a6e4c0c07f09be9f2e8a0c7179626ffa,2026-09-15T18:48:28.795Z,855
meta/1959/1959-04.jsonl,meta,d2c705b2cbef8d59ea46ffdb2ca894fe5a48670c,2026-09-15T18:48:34.170Z,690
meta/1959/1959-05.jsonl,meta,4a77453eb163154cabc0393b0210f0f74965c0b5,2026-09-15T18:48:39.605Z,383
meta/1959/1959-06.jsonl,meta,53369d90291d36ccc119957d19fe3fdc67242658,2026-09-15T18:48:44.968Z,153
meta/1959/1959-07.jsonl,meta,c44f9acc02edc2c43273ae66357f10ac0c6bfe83,2026-09-15T18:48:50.389Z,646
meta/1959/1959-08.jsonl,meta,ec34b9cb72766e4a0cc625fc9dfb782e166406c2,2026-09-15T18:48:55.789Z,652
meta/1959/1959-09.jsonl,meta,c3d1f4df648a02aaf83f504a62c0961364214e06,2026-09-15T18:49:01.171Z,712
meta/1959/1959-10.jsonl,meta,155d0ee3deaae7e28c705c0eb766460580b846ec,2026-09-15T18:49:06.567Z,395
meta/1959/1959-11.jsonl,meta,aa1d613e048bc4f83429034db113ebe85de4f320,2026-09-15T18:49:12.202Z,440
meta/1959/1959-12.jsonl,meta,7e04ee289d1c403afab83cc2a4fcb1cf827581c0,2026-09-15T18:49:17.700Z,694
meta/1960/1960-01.jsonl,meta$196001,d22fc7c8133492ca2fc33ed55db76ca32cff5d43,2026-09-15T18:49:23.137Z,134
meta/1960/1960-02.jsonl,meta$196002,698310d9fa4f3898d498855c0e8e3f7eb3f4934f,2026-09-15T18:49:28.715Z,793
meta/1960/1960-03.jsonl,meta$196003,ce36e96d109b355b47eaa135d93e8b1a051dd1c0,2026-09-15T18:49:34.116Z,606
meta/1960/1960-04.jsonl,meta$196004,be82dc1d8e2234966136f35a7f9955e6f6b0f30f,2026-09-15T18:49:39.904Z,459
meta/1960/1960-05.jsonl,meta$196005,b12132f1b16e3a887a9bf9f1fe635da1349881f7,2026-09-15T18:49:46.479Z,538
meta/1960/1960-06.jsonl,meta$196006,4de7bcbd13563d7809346a22bfe8c398d0eae868,2026-09-16T17:05:46.904Z,565
meta/1960/1960-07.jsonl,meta$196007,4485740e28cf4b4b6b683717d6d6b8bcdca68f4f,2026-09-16T17:06:02.774Z,312
meta/1960/1960-08.jsonl,meta$196008,2ce4d3b9297a2a7058630b1a441a3d23f8a055c8,2026-09-16T17:06:13.309Z,339
meta/1960/1960-09.jsonl,meta$196009,627cf2b99b8e92f2a302a9f0d7e5d7e452098663,2026-09-16T17:06:31.029Z,328
meta/1960/1960-10.jsonl,meta$196010,7fc6fa3e3b55a1ae5204b5cd6fb00b51a4d07f5c,2026-09-16T17:06:44.794Z,337
meta/1960/1960-11.jsonl,meta$196011,85dc6446770a1762bc5f9704cfc618af2a864876,2026-09-16T17:06:52.790Z,588
meta/1960/1960-12.jsonl,meta$196012,b3e0e8dc21c949594e387ef27c0d3d5e806ed37a,2026-09-16T17:07:10.008Z,613
meta/1961/1961-01.jsonl,meta$196101,6f376ff3c1d75b2563a4251054e3807ea779b1a8,2026-09-16T17:07:24.934Z,176
meta/1961/1961-02.jsonl,meta$196102,d7b4f2267e9b0afc16ee2941ba5408ee29f1a993,2026-09-16T17:07:37.192Z,1539
meta/1961/1961-03.jsonl,meta$196103,fe72c89587143ca15a5608e2d6aef7e9c281d874,2026-09-16T17:07:53.341Z,332
meta/1961/1961-04.jsonl,meta$196104,b5bb6093a87440266201eeaedf41e3be78d5a3ce,2026-09-16T17:08:09.728Z,470
meta/1961/1961-05.jsonl,meta$196105,79a2efd4445fff9976752843b820babfe7e685ff,2026-09-16T17:08:18.186Z,422
meta/1961/1961-06.jsonl,meta$196106,8eae8a940f67d90636111e0f0a3ce85b6a97846e,2026-09-16T17:08:32.720Z,662
meta/1961/1961-07.jsonl,meta$196107,f8c88fee149f955ef041ad6ccfdd5e656dad259e,2026-09-16T17:08:47.106Z,128
meta/1961/1961-08.jsonl,meta$196108,b45bd8711de2e09385a69200cfb2aaff85ac8bb4,2026-09-16T17:08:58.445Z,827
meta/1961/1961-09.jsonl,meta$196109,aaaa52b3a0e16fddc6b1a63739dfadc9ba78eb17,2026-09-16T17:09:13.060Z,307
meta/1961/1961-10.jsonl,meta$196110,e9296dea8528865b1310d600008508f890800a52,2026-09-16T17:09:25.669Z,162
meta/1961/1961-11.jsonl,meta$196111,6e7782ba5da66e10ada198b5e1cbe657648650a8,2026-09-16T17:09:36.085Z,327
meta/1961/1961-12.jsonl,meta$196112,7594efd8254b5b460f1ae5a190ae272f83b40eef,2026-09-16T17:09:44.053Z,394
meta/1962/1962-01.jsonl,meta$196201,bdb8b2e3e7a96e3a12b53e01b6ce515e7f2ed909,2026-09-16T17:09:58.739Z,779
meta/1962/1962-02.jsonl,meta$196202,30454e6ad064ed2fca20f76635201278e451d4c9,2026-09-16T17:10:09.883Z,494
meta/1962/1962-03.jsonl,meta$196203,5b7cd3d49e165979e197974e54da71fc2e66c890,2026-09-16T17:10:17.548Z,934
meta/1962/1962-04.jsonl,meta$196204,06e94c287c8def1e6d10785a46f8c7a1e06ac91c,2026-09-16T17:10:32.597Z,788
meta/1962/1962-05.jsonl,meta$196205,d6ea1f40b0a670aa69d79e71d1755f81a718ac3e,2026-09-16T17:10:46.168Z,581
meta/1962/1962-06.jsonl,meta$196206,37e8d6edb13e6e08084cb6d059c7dfb5cb1ff1f5,2026-09-16T17:10:56.099Z,394
meta/1962/1962-07.jsonl,meta$196207,9b31a1ca853df6c4b9608360a593451b09152e86,2026-09-16T17:11:04.370Z,699
meta/1962/1962-08.jsonl,meta$196208,97f3ab652fa3c9c070192935cfb15115488f49df,2026-09-16T17:11:18.046Z,148
meta/1962/1962-09.jsonl,meta$196209,dff74f0edbc50465c12725e2e51f2531609ebd09,2026-09-16T17:11:23.417Z,125
meta/1962/1962-10.jsonl,meta$196210,6d911615507416c87705fa1c4f628c3b928e11d8,2026-09-16T17:11:28.861Z,485
meta/1962/1962-11.jsonl,meta$196211,1844fc8f2998ec6a31a9c2d31895977be08f00af,2026-09-16T17:11:37.967Z,366
meta/1962/1962-12.jsonl,meta$196212,4238a585aba0b744bd98d9e6fa63aa0a073f3be9,2026-09-16T17:11:53.409Z,587
meta/1963/1963-01.jsonl,meta$196301,f7bcc8472b89ea0fad4c098b3baa8a524a9a3445,2026-09-16T17:12:07.951Z,181
meta/1963/1963-02.jsonl,meta$196302,ae34e0523c20d03323b9f72e653f4d842dd5cd6d,2026-09-16T17:12:23.950Z,1051
meta/1963/1963-03.jsonl,meta$196303,1e78bdae763df9833d599b195c4b11e64ea622f1,2026-09-16T17:12:33.391Z,579
meta/1963/1963-04.jsonl,meta$196304,d4ea8171fbc6b63ffa528b7de17a64c44d52621d,2026-09-16T17:12:45.815Z,908
meta/1963/1963-05.jsonl,meta$196305,e079484b80444fcfd8e19d142db259a3d344895c,2026-09-16T17:13:02.414Z,689
meta/1963/1963-06.jsonl,meta$196306,275ca938b57745799a627e4f38b838a6cc16b90f,2026-09-16T17:13:15.956Z,1141
meta/1963/1963-07.jsonl,meta$196307,5d622cc8bc47d8fc7c416bed24b1814cf2243e27,2026-09-16T17:13:31.771Z,985
meta/1963/1963-08.jsonl,meta$196308,78871ea7f5926b153874928101f80c9be457afba,2026-09-16T17:13:37.283Z,655
meta/1963/1963-09.jsonl,meta$196309,12211bd4fb949e0f16f2acedd4d06e515c9ab8b9,2026-09-16T17:13:45.112Z,422
meta/1963/1963-10.jsonl,meta$196310,ebd193bd9675777e46bf61e62f29bbaf91eb6f69,2026-09-16T17:13:50.741Z,168
meta/1963/1963-11.jsonl,meta$196311,2e880a5ba7865c933ce39a2feaeb8113eed5f3d1,2026-09-16T17:14:06.204Z,363
meta/1963/1963-12.jsonl,meta$196312,f816dd14df9f98ad4733e714b9340fed2f510c87,2026-09-16T17:14:14.823Z,154
meta/1964/1964-01.jsonl,meta$196401,bc75e2e87bc11409f8c7b0719ef218f73ed8bc26,2026-09-16T17:14:23.848Z,182
meta/1964/1964-02.jsonl,meta$196402,3eb0c1c56c3a7d0715d6027c38d986547a334ca4,2026-09-16T17:14:36.544Z,204
meta/1964/1964-03.jsonl,meta$196403,bc17b4d71490b5b7b2c04bfefd42526316cf1db6,2026-09-16T17:14:50.238Z,370
meta/1964/1964-04.jsonl,meta$196404,ab73671ba9c367b3764a11a8346da4eb088d4a4a,2026-09-16T17:15:02.001Z,349
meta/1964/1964-05.jsonl,meta$196405,181258b3ded82366abf181a44d3cded235859dda,2026-09-16T17:15:15.315Z,157
meta/1964/1964-06.jsonl,meta$196406,d230e288fbd8798963e0918511a74899351b7202,2026-09-16T17:15:23.903Z,187
meta/1964/1964-07.jsonl,meta$196407,1aeecc59792f0f0049769a30b3cf43adfe8c7042,2026-09-16T17:15:40.707Z,172
meta/1964/1964-08.jsonl,meta$196408,271d660e862783a166438b910831d2607b2b49db,2026-09-16T17:15:55.754Z,156
meta/1964/1964-09.jsonl,meta$196409,df6051db5c6ac08ccce62272a6e632158601139d,2026-09-16T17:16:04.042Z,185
meta/1964/1964-10.jsonl,meta$196410,5b4296b9f795f9fd02711b444b1d9992a79acb42,2026-09-16T17:16:09.561Z,142
meta/1964/1964-11.jsonl,meta$196411,2440f4216876c51138a13153a8a9c370fa60a8be,2026-09-16T17:16:18.673Z,111
meta/1964/1964-12.jsonl,meta$196412,904f0ce5848c78988553bd7611ba672c3ce4b3df,2026-09-16T17:16:33.335Z,252
meta/1965/1965-01.jsonl,meta$196501,a9bb070aad920e1b280a4e653f5001dd471f2fd7,2026-09-16T17:16:43.259Z,247
meta/1965/1965-02.jsonl,meta$196502,75218d2cfecc5d4d7f19f607c8494d369c518103,2026-09-16T17:16:51.431Z,376
meta/1965/1965-03.jsonl,meta$196503,2cd2de83c4da1066d9ee782066075ab936c330d6,2026-09-16T17:17:02.535Z,405
meta/1965/1965-04.jsonl,meta$196504,27bbc5b82912343f40e01e817a963d8b8513adfb,2026-09-16T17:17:08.124Z,168
meta/1965/1965-05.jsonl,meta$196505,a23d7d87b99c786f3989ad6f97cf70ebeed12c14,2026-09-16T17:17:23.601Z,140
meta/1965/1965-06.jsonl,meta$196506,68c35c670bb3b82e80a6c2e155a7cb75136da833,2026-09-16T17:17:29.097Z,162
meta/1965/1965-07.jsonl,meta$196507,f265c8f613c758264702da2831c62263c58b31d6,2026-09-16T17:17:38.541Z,160
meta/1965/1965-08.jsonl,meta$196508,247f742053bd5400a0ce244c38379779c330f71a,2026-09-16T17:17:47.800Z,201
meta/1965/1965-09.jsonl,meta$196509,cc2670cc38372e6a3982a2b3c1c5f48b572751b8,2026-09-16T17:18:04.244Z,206
meta/1965/1965-10.jsonl,meta$196510,87b85ba56cdd4060f639a0af06735d52b1738e4c,2026-09-16T17:18:09.769Z,174
meta/1965/1965-11.jsonl,meta$196511,e26c2cda5abd90b4b36ddc808dbf5bcd6da3ad6d,2026-09-16T17:18:23.824Z,211
meta/1965/1965-12.jsonl,meta$196512,1b3b0d43345971a48252f4168e3e679cbdd98cb4,2026-09-16T17:18:36.012Z,236
meta/1966/1966-01.jsonl,meta$196601,8ef6224b5b9ebd5566e8de4aebc5344e0afcd39a,2026-09-16T17:18:46.200Z,289
meta/1966/1966-02.jsonl,meta$196602,f18f5278740749a1106791a4a65e7ad051fb69fa,2026-09-16T17:18:51.784Z,542
meta/1966/1966-03.jsonl,meta$196603,1d8e93e06b6a81f89072058cefa57d9540f292cb,2026-09-16T17:18:57.256Z,464
meta/1966/1966-04.jsonl,meta$196604,916d971296945e39c5fe7a7141956c977ffc1602,2026-09-16T17:19:07.212Z,175
meta/1966/1966-05.jsonl,meta$196605,0e65e6b40bf8a95cfc377cb0ad871dfae06ef2ab,2026-09-16T17:19:12.640Z,144
meta/1966/1966-06.jsonl,meta$196606,7846be4dc9ec81f2322385ba4df8fbe3aebfa17d,2026-09-16T17:19:25.347Z,164
meta/1966/1966-07.jsonl,meta$196607,a0b7d68be60a886657c0bb38129bbfe59caaf758,2026-09-16T17:19:30.822Z,204
meta/1966/1966-08.jsonl,meta$196608,a24d8e8710727cb112c607b8beaae7f1d0f7e2b5,2026-09-16T17:19:47.014Z,189
meta/1966/1966-09.jsonl,meta$196609,f9cb1bd1bb8a8aeb7d3cc0fbac9f6ae636ff7b5b,2026-09-16T17:19:59.460Z,201
meta/1966/1966-10.jsonl,meta$196610,189ba2180bb985ce2a58032567d6760e4bbb49ef,2026-09-16T17:20:07.704Z,193
meta/1966/1966-11.jsonl,meta$196611,c583c17a38c686effa427937f56be86a45376a61,2026-09-16T17:20:13.185Z,180
meta/1966/1966-12.jsonl,meta$196612,19c78dfde69e1566534d81543a73a9a08ca55b68,2026-09-16T17:20:17.924Z,210
meta/1967/1967-01.jsonl,meta$196701,635cb9b810b72bd6dc97c416775fae5bee87b360,2026-09-16T17:20:32.025Z,309
meta/1967/1967-02.jsonl,meta$196702,638b17238e1ab2dcf3f2d6cdb354b998c35f6953,2026-09-16T17:20:46.514Z,383
meta/1967/1967-03.jsonl,meta$196703,652fe77d42e5d958981297b59d0224023d09c632,2026-09-16T17:21:02.746Z,619
meta/1967/1967-04.jsonl,meta$196704,d42b795f46b590affc00fcde818ad7198b7861de,2026-09-16T17:21:08.254Z,392
meta/1967/1967-05.jsonl,meta$196705,20197895ede63812b06cd60145aa27a904264e79,2026-09-16T17:21:23.649Z,215
meta/1967/1967-06.jsonl,meta$196706,78f1d87112dcca83415a269f2f39cfce9685ca4c,2026-09-16T17:21:36.406Z,222
meta/1967/1967-07.jsonl,meta$196707,e3624722f8b46637b2d5ce466451e3fc6b5385f9,2026-09-16T17:21:41.899Z,173
meta/1967/1967-08.jsonl,meta$196708,c85003fc0bdeb2250a03ff5706872419ea80251b,2026-09-16T17:21:50.446Z,356
meta/1967/1967-09.jsonl,meta$196709,6eb03e472cf7e4667b8cfd3b1c3312cbd25f8792,2026-09-16T17:22:00.596Z,182
meta/1967/1967-10.jsonl,meta$196710,3d9b69e477d699ee8a56fe7425ee6121606c93b5,2026-09-16T17:22:09.538Z,220
meta/1967/1967-11.jsonl,meta$196711,4b4815ac4f90edff3994e4bdb201cdb3eb2f68b6,2026-09-16T17:22:15.087Z,213
meta/1967/1967-12.jsonl,meta$196712,a5afbbc94967798b0498e5cefca2ca9371daa41a,2026-09-16T17:22:22.987Z,329
meta/1968/1968-01.jsonl,meta$196801,3c4e119b1a6d51b55bf7b0632f55c3aab0547042,2026-09-16T17:22:28.440Z,1019
meta/1968/1968-02.jsonl,meta$196802,f27be1937f616a8c08c732c54463eba652f63f63,2026-09-16T17:22:41.996Z,998
meta/1968/1968-03.jsonl,meta$196803,1f6fdaf1e6e93e81083b3a57aed16c316ad8058b,2026-09-16T17:22:47.415Z,483
meta/1968/1968-04.jsonl,meta$196804,367765c68e0aa3cab45260ea5e6674b5cffc3d77,2026-09-16T17:23:00.276Z,1325
meta/1968/1968-05.jsonl,meta$196805,1477108b2227de3473c38bf51f521a2b0b584dc8,2026-09-16T17:23:17.760Z,1435
meta/1968/1968-06.jsonl,meta$196806,d56ed48b4ec9a810aa41c7890515e24086c9ecca,2026-09-16T17:23:26.823Z,785
meta/1968/1968-07.jsonl,meta$196807,cb4ad14471bbe6819a3f0af96807a5c4e39b827a,2026-09-16T17:23:37.171Z,517
meta/1968/1968-08.jsonl,meta$196808,d5d87d2c56d09411e56958948f843002b83a37f0,2026-09-16T17:23:45.522Z,168
meta/1968/1968-09.jsonl,meta$196809,85e4a6c0e55385144e9bb09e89e4d76366a959bf,2026-09-16T17:23:59.020Z,436
meta/1968/1968-10.jsonl,meta$196810,26dd3474e525c3fce67dbd5cb1106e79b2c9c007,2026-09-16T17:24:10.161Z,1080
meta/1968/1968-11.jsonl,meta$196811,0236b7273f27d701b505a9c4750cbf0645fdc4a6,2026-09-16T17:24:15.711Z,743
meta/1968/1968-12.jsonl,meta$196812,90c8031568e095abb25d3e33266db44dd6f18b47,2026-09-16T17:24:28.674Z,410
meta/1969/1969-01.jsonl,meta$196901,5fbe3b5ed4fe7e2c5f0390a00f06eddcc7585ea1,2026-09-16T17:24:36.851Z,137
meta/1969/1969-02.jsonl,meta$196902,f396033b78f305386227c244ab8fd2867e4fe4a3,2026-09-16T17:24:50.671Z,281
meta/1969/1969-03.jsonl,meta$196903,f9858dd7db981e418844699802bae9bdcc0b97de,2026-09-16T17:25:00.519Z,1037
meta/1969/1969-04.jsonl,meta$196904,75f2145cd2cfec2a0e76b0b5e14f1b6aa8d30845,2026-09-16T17:25:10.980Z,1280
meta/1969/1969-05.jsonl,meta$196905,db2215a7ded8bd0f4b87945930eca52c8d568ae2,2026-09-16T17:25:26.594Z,1609
meta/1969/1969-06.jsonl,meta$196906,611ef6709e7527ce074d0affb297884487c8e59a,2026-09-16T17:25:40.060Z,1557
meta/1969/1969-07.jsonl,meta$196907,38e8997e7c99acbd5a358f94e572819d7c795313,2026-09-16T17:25:50.652Z,1545
meta/1969/1969-08.jsonl,meta$196908,675825af2bc9f6535f3a378535b988ccd9b2f818,2026-09-16T17:26:06.772Z,415
meta/1969/1969-09.jsonl,meta$196909,cb0055ccfd90f6e4ddc879fb5f0239102a18801c,2026-09-16T17:26:17.260Z,479
meta/1969/1969-10.jsonl,meta$196910,62f763549a50c1ebf925cec5ec0dc9e757ffa6a7,2026-09-16T17:26:27.617Z,1853
meta/1969/1969-11.jsonl,meta$196911,b0ad52d5782ce788a39f42487189242820c2c9a7,2026-09-16T17:26:37.633Z,2135
meta/1969/1969-12.jsonl,meta$196912,11fc34754e07627cc495023992e7cb7c2e752b21,2026-09-16T17:26:54.985Z,1035
meta/1970/1970-01.jsonl,meta$197001,06a398ce9589756fe5f5f08ede96647de51391dd,2026-09-16T17:27:04.562Z,707
meta/1970/1970-02.jsonl,meta$197002,f4dcc434abbc198ca4417547e0c480b2c7d0d329,2026-09-16T17:27:15.354Z,919
meta/1970/1970-03.jsonl,meta$197003,c5c9c868b0c8aecfc6734e606e1804ec2b1361f7,2026-09-16T17:27:20.950Z,1832
meta/1970/1970-04.jsonl,meta$197004,d9330aad7e77111c24393c601be1610883be79f8,2026-09-16T17:27:35.916Z,1007
meta/1970/1970-05.jsonl,meta$197005,baedc7b98c0d8245c11968791d4104f319a53e8b,2026-09-16T17:27:41.468Z,979
meta/1970/1970-06.jsonl,meta$197006,728166ac23aba246851fb4597a410641cefbd8a4,2026-09-16T17:27:55.176Z,1079
meta/1970/1970-07.jsonl,meta$197007,18b97726f6d2de4be7e8922d50b483b7c8182009,2026-09-16T17:28:08.313Z,717
meta/1970/1970-08.jsonl,meta$197008,c2dcc881dc1a9ea3f6f98195b0249f2862946087,2026-09-16T17:28:17.950Z,2553
meta/1970/1970-09.jsonl,meta$197009,5a8d59e987d42296e002da073a22906bad30c140,2026-09-16T17:28:23.624Z,1211
meta/1970/1970-10.jsonl,meta$197010,6ea7101aeca46fe1ad6c0ab16e0b5bc451a6af52,2026-09-16T17:28:32.997Z,636
meta/1970/1970-11.jsonl,meta$197011,036ab8aad3492dad87dd9aad8d60f88141647659,2026-09-16T17:28:47.066Z,1495
meta/1970/1970-12.jsonl,meta$197012,3e220fee23ef5ca94d5e75c1814fb70eb7b3e030,2026-09-16T17:28:52.597Z,594
meta/1971/1971-01.jsonl,meta$197101,3b616dc167e9c6419307bd9ab65db46dcd851387,2026-09-16T17:29:01.115Z,971
meta/1971/1971-02.jsonl,meta$197102,a89ad12b0c000ad1c1ba0460fa67815e63c6548b,2026-09-16T17:29:06.606Z,663
meta/1971/1971-03.jsonl,meta$197103,b0bd63fd102cda56c714667ce456dbedaaea16a5,2026-09-16T17:29:15.996Z,1185
meta/1971/1971-04.jsonl,meta$197104,2ebe4602e011b46714a2419eee66037327615a30,2026-09-16T17:29:21.550Z,585
meta/1971/1971-05.jsonl,meta$197105,f4f3b4e4eb0636f2a66e3e0aaa64d491bc9b41e5,2026-09-16T17:29:33.906Z,991
meta/1971/1971-06.jsonl,meta$197106,ecc67acfb44a4b96dc5b9069d6b3467ae9d37fb9,2026-09-16T17:29:46.754Z,854
meta/1971/1971-07.jsonl,meta$197107,2f8c3ac223e0b16f46583f725fe05e4224edcbfa,2026-09-16T17:30:00.364Z,566
meta/1971/1971-08.jsonl,meta$197108,7e2d186fd4c1af813c620e4d15d534163c259b8e,2026-09-16T17:30:05.872Z,1183
meta/1971/1971-09.jsonl,meta$197109,7316fa2ded4e42fe83776b37d048ba37d68d28e4,2026-09-16T17:30:21.087Z,857
meta/1971/1971-10.jsonl,meta$197110,d47230188558e1efb782da68306aa9e503e30cb4,2026-09-16T17:30:32.687Z,436
meta/1971/1971-11.jsonl,meta$197111,bfbb343c97097e7248fbb14d53d7d5e6aa6412c5,2026-09-16T17:30:46.082Z,887
meta/1971/1971-12.jsonl,meta$197112,3f718eb1f4ed629c5e0c7ed725885553114411f4,2026-09-16T17:30:57.472Z,668
meta/1972/1972-01.jsonl,meta$197201,ffe15218236e23a06e34d2d88616d5d806fa8ca0,2026-09-16T17:31:02.945Z,190
meta/1972/1972-02.jsonl,meta$197202,a1184f37e790acf8f31f75d5100db44f81435f4a,2026-09-16T17:31:13.512Z,694
meta/1972/1972-03.jsonl,meta$197203,e3a6abb6f88b1863233620c058e5127b1fad4f69,2026-09-16T17:31:31.086Z,734
meta/1972/1972-04.jsonl,meta$197204,76e9703df444c50998899d29289fcdf7d6e98f4a,2026-09-16T17:31:36.565Z,334
meta/1972/1972-05.jsonl,meta$197205,dae664c40fac29bdd4e766b77a40eb33e29cbddc,2026-09-16T17:31:51.230Z,340
meta/1972/1972-06.jsonl,meta$197206,90bbaa32095532d2ef9aa5c9d1e55593440cb406,2026-09-16T17:32:02.064Z,290
meta/1972/1972-07.jsonl,meta$197207,86c6a4b84532f3ab288c3af87bc90e12dc349ee2,2026-09-16T17:32:18.651Z,261
meta/1972/1972-08.jsonl,meta$197208,d974dc219e714083c65c69c82a7f8a78e0e462fc,2026-09-16T17:32:24.215Z,216
meta/1972/1972-09.jsonl,meta$197209,09efb16dec4a826702009d24cc928c0e1b93aa7e,2026-09-16T17:32:38.426Z,310
meta/1972/1972-10.jsonl,meta$197210,ef3296b2dd3a15816a5f658b3896082b0f165cb8,2026-09-16T17:32:51.248Z,245
meta/1972/1972-11.jsonl,meta$197211,0e2c9151f18f0b2372d3112a52e643ce0333f2db,2026-09-16T17:32:56.828Z,963
meta/1972/1972-12.jsonl,meta$197212,8dfa1d2300cc007d1a48d44f66eb098fa47cbc5a,2026-09-16T17:33:02.198Z,364
meta/1973/1973-01.jsonl,meta$197301,01e32bd9115013e80fd2c08fb5546c084155779f,2026-09-16T17:33:16.100Z,161
meta/1973/1973-02.jsonl,meta$197302,081a90e003c900cc0af9c3ea0569ecf84c916f2e,2026-09-16T17:33:21.523Z,542
meta/1973/1973-03.jsonl,meta$197303,45c7196ff1352b11000665c42a30efc674875a7b,2026-09-16T17:33:37.210Z,597
meta/1973/1973-04.jsonl,meta$197304,a25c4a8b00a8d4d6bb5ffe7b6e5ae02194dab6eb,2026-09-16T17:33:50.482Z,1499
meta/1973/1973-05.jsonl,meta$197305,1fb756fb4f0f630ee2370d65ad36bbd41f1b8a7b,2026-09-16T17:34:00.447Z,1458
meta/1973/1973-06.jsonl,meta$197306,5ec94968ea5f1fb630abfcac478c511321459343,2026-09-16T17:34:16.623Z,1406
meta/1973/1973-07.jsonl,meta$197307,8e1e08f032f64c5c5cc56f32ee0bf64c5b187969,2026-09-16T17:34:33.368Z,347
meta/1973/1973-08.jsonl,meta$197308,15b4ade4a734fbe684c593931c5b28e4a304fd0e,2026-09-16T17:34:41.435Z,901
meta/1973/1973-09.jsonl,meta$197309,79a4bb73cec9a1d187705c6ea22225f35d994181,2026-09-16T17:34:46.918Z,910
meta/1973/1973-10.jsonl,meta$197310,56c9421dfe1cfbe563e88225771b510212dbbc9a,2026-09-16T17:34:59.355Z,864
meta/1973/1973-11.jsonl,meta$197311,4b6f0eb10d579a0013717af3151bbfcee38dc34d,2026-09-16T17:35:07.851Z,896
meta/1973/1973-12.jsonl,meta$197312,8f81f86479956ef5755daa999913a7b3cd8729e6,2026-09-16T17:35:13.377Z,689
meta/1974/1974-01.jsonl,meta$197401,930b50a764a9c8f377006f58f1ef6638f470fee1,2026-09-16T17:35:26.162Z,499
meta/1974/1974-02.jsonl,meta$197402,01e5ce6503fc4e0b3908fbc9391168c71397f127,2026-09-16T17:35:35.133Z,546
meta/1974/1974-03.jsonl,meta$197403,5a8be3c9c5ed3e99dca2420c9063b2d142c023e5,2026-09-16T17:35:40.706Z,543
meta/1974/1974-04.jsonl,meta$197404,16f22f7cbd183166841fef02cf54e72525789f41,2026-09-16T17:35:46.158Z,501
meta/1974/1974-05.jsonl,meta$197405,157f6a57c671882c31b90db6a3705b40b863dcac,2026-09-16T17:35:51.633Z,355
meta/1974/1974-06.jsonl,meta$197406,23fe745f4571a4f307077ac58cdb621740f6df84,2026-09-16T17:35:57.145Z,297
meta/1974/1974-07.jsonl,meta$197407,194ca08e49b036b2ff2ede03b4d5f7755c2166f6,2026-09-16T17:36:02.731Z,486
meta/1974/1974-08.jsonl,meta$197408,beafb914b9ed6fb30a8812d8601ce69a696e0879,2026-09-16T17:36:12.171Z,401
meta/1974/1974-09.jsonl,meta$197409,7d869dc5b3d6a3139c3004155d68310d2a35cd57,2026-09-16T17:36:19.900Z,251
meta/1974/1974-10.jsonl,meta$197410,a11132f723fc29bb54bf36774022d5e8cd51281b,2026-09-16T17:36:29.672Z,294
meta/1974/1974-11.jsonl,meta$197411,dd5b4a0bcead622128eca44015e6de6f773b8896,2026-09-16T17:36:44.852Z,371
meta/1974/1974-12.jsonl,meta$197412,4de534e3b4cea289092a0bd4e5893d9ed947890b,2026-09-16T17:36:56.574Z,777
meta/1975/1975-01.jsonl,meta$197501,43b83cd424ecd4168e365dd6900bb60c83ac334f,2026-09-16T17:37:02.076Z,350
meta/1975/1975-02.jsonl,meta$197502,a8966a233720b345a5a22157dc3a648b375c3291,2026-09-16T17:37:07.588Z,353
meta/1975/1975-03.jsonl,meta$197503,585fdb33c2f8fd28c651abe8b741d420dac1f4cc,2026-09-16T17:37:17.854Z,275
meta/1975/1975-04.jsonl,meta$197504,aeb6fc260235d67064abf1450f3076be9c99c41f,2026-09-16T17:37:30.846Z,238
meta/1975/1975-05.jsonl,meta$197505,7404e4d9baf28f7281221993248a6762d2d0561b,2026-09-16T17:37:37.357Z,205
meta/1975/1975-06.jsonl,meta$197506,10e0142665f60120bda0d7195fd37c9b594f939d,2026-09-16T17:37:43.783Z,415
meta/1975/1975-07.jsonl,meta$197507,506fae32141e33bbde29c4e9cd74e95262d74981,2026-09-16T17:37:49.346Z,519
meta/1975/1975-08.jsonl,meta$197508,df37131cd67ca07da9a68fa97302770c27d4b70c,2026-09-16T17:38:00.924Z,964
meta/1975/1975-09.jsonl,meta$197509,4308cb7758bd2094842628e1ac662b97f4f07088,2026-09-16T17:38:10.895Z,720
meta/1975/1975-10.jsonl,meta$197510,de535547ad9974625a313e8ecc44179dac17b7b2,2026-09-16T17:38:20.584Z,267
meta/1975/1975-11.jsonl,meta$197511,dc9c92cd43f4c0c73aacff41728dd491d304ffc0,2026-09-16T17:38:26.095Z,273
meta/1975/1975-12.jsonl,meta$197512,57435a4495bd9854c3c47b8a73fd6e16701f0816,2026-09-16T17:38:38.370Z,292
meta/1976/1976-01.jsonl,meta$197601,ce7e169a2a6b967217ff0e83895fa60e105d042c,2026-09-16T17:38:48.620Z,1797
meta/1976/1976-02.jsonl,meta$197602,c8ab2ee7da79364c5c934ff39b3f9808e8da5b25,2026-09-16T17:39:02.512Z,1946
meta/1976/1976-03.jsonl,meta$197603,f02e4ebcbc83323fc3141d2cca6ed0b78da5d23b,2026-09-16T17:39:13.103Z,3086
meta/1976/1976-04.jsonl,meta$197604,b1b79a0e65b7ffa03b65b174bc4690dd993d6a66,2026-09-16T17:39:28.255Z,1910
meta/1976/1976-05.jsonl,meta$197605,729370eef221ce20ef9cbef4bcb665fb05ef3fd2,2026-09-16T17:39:38.178Z,3021
meta/1976/1976-06.jsonl,meta$197606,2a8801fe0c6f2532a86f5b1775b7c56287ec9794,2026-09-16T17:39:49.037Z,4815
meta/1976/1976-07.jsonl,meta$197607,90718304f3dc1d7dc5b23ce41f2b5b50fac7b32e,2026-09-16T17:40:01.033Z,3317
meta/1976/1976-08.jsonl,meta$197608,a930a3ac36cf64a4d08ca65b2d1144d2868d8ee6,2026-09-16T17:40:06.818Z,3129
meta/1976/1976-09.jsonl,meta$197609,64c54e290a687041dad328538a2e1c4b9ff1c067,2026-09-16T17:40:17.259Z,3025
meta/1976/1976-10.jsonl,meta$197610,d68f96efdb4cf74a308517ea6af5dbed1421554f,2026-09-16T17:40:28.123Z,1795
meta/1976/1976-11.jsonl,meta$197611,5ab67a575d01d3dad458c0ee4d03f64e4cc8c7f5,2026-09-16T17:40:36.799Z,2025
meta/1976/1976-12.jsonl,meta$197612,a139454d28635ccc6c127887662c9a20a35a3eeb,2026-09-16T17:40:53.539Z,5058
meta/1977/1977-01.jsonl,meta$197701,0f9dfffa9bd5a9d1c32a03f1e8f95860c8849047,2026-09-16T17:41:10.446Z,1347
meta/1977/1977-02.jsonl,meta$197702,9930fd14f0c4129675f77c58b762014f9a5e6b8c,2026-09-16T17:41:16.069Z,1911
meta/1977/1977-03.jsonl,meta$197703,5e71159c062f1cfba1e86ff616a7d474728cb731,2026-09-16T17:41:21.705Z,1386
meta/1977/1977-04.jsonl,meta$197704,92562bf68cf0aab57aaefef54e851628b9f7340e,2026-09-16T17:41:27.506Z,1089
meta/1977/1977-05.jsonl,meta$197705,7ca4e28220ad14115a020ff30088be69f73b900f,2026-09-16T17:41:33.130Z,1562
meta/1977/1977-06.jsonl,meta$197706,3e683b63232570ae89aed6ab9e16f844c115d3ce,2026-09-16T17:41:38.883Z,2281
meta/1977/1977-07.jsonl,meta$197707,603e870ed53a249e1d56b11a10b672fec03eabfb,2026-09-16T17:41:44.488Z,1390
meta/1977/1977-08.jsonl,meta$197708,0ed67eaa163c14e228976a74a61bfe8e9b85cd3a,2026-09-16T17:41:50.163Z,3303
meta/1977/1977-09.jsonl,meta$197709,5ce4877d461ad6059202293c92b8da60f9dbb4f7,2026-09-16T17:41:55.921Z,3011
meta/1977/1977-10.jsonl,meta$197710,123d67a0cb664aa744f6d0758d7a9a34e8fc32e5,2026-09-16T17:42:01.514Z,1913
meta/1977/1977-11.jsonl,meta$197711,fca4f583175e52648521a88c54867a55e977af82,2026-09-16T17:42:07.294Z,3136
meta/1977/1977-12.jsonl,meta$197712,43a14ec5eb8f743230c5f07e6c4b823837095b8e,2026-09-16T17:42:21.816Z,2568
meta/1978/1978-01.jsonl,meta$197801,d48aa103b4d0ba009c32e2247249db21f74bdd77,2026-09-16T17:42:27.452Z,1324
meta/1978/1978-02.jsonl,meta$197802,c2da061624dd18889970c461c2360721cca49df4,2026-09-16T17:42:42.752Z,2359
meta/1978/1978-03.jsonl,meta$197803,31bd14697c09677e260f8005fd0fc5a6f835bf61,2026-09-16T17:42:48.609Z,2501
meta/1978/1978-04.jsonl,meta$197804,269a16b879dac3a475ee4fc6f25d924d3d089280,2026-09-16T17:42:54.234Z,1580
meta/1978/1978-05.jsonl,meta$197805,2bbd26e41de95252be0f225c50ee46a0785cd3d9,2026-09-16T17:42:59.885Z,2818
meta/1978/1978-06.jsonl,meta$197806,184fa9337131b58e33dd60e5380c62c14178370b,2026-09-16T17:43:05.619Z,3615
meta/1978/1978-07.jsonl,meta$197807,8b1800b6995120bd1b60f2581c5ad4df73cfe651,2026-09-16T17:43:11.088Z,263
meta/1978/1978-08.jsonl,meta$197808,8198e07d609c8aba612441b67b88f9dc346d3158,2026-09-16T17:43:16.775Z,1995
meta/1978/1978-09.jsonl,meta$197809,91e236e7c7bd6873bf3e783da6bc93a70fe1d38b,2026-09-16T17:43:30.368Z,7119
meta/1978/1978-10.jsonl,meta$197810,e3dd59da18c7b08339de859bc4ac4f86eac25eae,2026-09-16T17:43:38.639Z,444
meta/1978/1978-11.jsonl,meta$197811,cdf8f1d84c349ca78cce958001ef8e11b4a0c2a9,2026-09-16T17:43:44.574Z,3420
meta/1978/1978-12.jsonl,meta$197812,3312dc23c3d7e368c079e35bd1d481c891d70256,2026-09-16T17:43:50.367Z,2937
meta/1979/1979-01.jsonl,meta$197901,2ca9783ceaafe664f6bc01b9e379cb122eb73e43,2026-09-16T17:43:56.186Z,3641
meta/1979/1979-02.jsonl,meta$197902,dd94840a30dd70489cccd484bfcee70f06325364,2026-09-16T17:44:01.874Z,1964
meta/1979/1979-03.jsonl,meta$197903,c3137675fc07c4874939485b94d8016bc347e017,2026-09-16T17:44:07.712Z,2359
meta/1979/1979-04.jsonl,meta$197904,20b248e14d71cf41b218e7832eee10c2e4fbecfc,2026-09-16T17:44:13.358Z,1898
meta/1979/1979-05.jsonl,meta$197905,1e1a132fb0923c40262c7734013e20aa0455b80b,2026-09-16T17:44:19.029Z,1453
meta/1979/1979-06.jsonl,meta$197906,3bc98ed5ee1ac5c98fa8557aa2254344a45d5f49,2026-09-16T17:44:24.581Z,1853
meta/1979/1979-07.jsonl,meta$197907,4b712f4dc24c0e093d6ff7a07f11947c38a495c8,2026-09-16T17:44:30.217Z,1694
meta/1979/1979-08.jsonl,meta$197908,f2d3bee6045ce9ac9d9696f07c03c48894bd6d67,2026-09-16T17:44:35.682Z,974
meta/1979/1979-09.jsonl,meta$197909,867475319e3b8c803ed08bd4b3c7d46b9b4e563c,2026-09-16T17:44:41.511Z,3695
meta/1979/1979-10.jsonl,meta$197910,44db1e094c344b480314acbe4189c161a60e934c,2026-09-16T17:44:47.211Z,2475
meta/1979/1979-11.jsonl,meta$197911,c6764b308ac2ac65cf624c52c7d588ea4dfb6453,2026-09-16T17:44:52.866Z,3130
meta/1979/1979-12.jsonl,meta$197912,1678c2badd7332a9f856bfd44ca1f5542f799809,2026-09-16T17:44:58.432Z,1726
meta/1980/1980-01.jsonl,meta$198001,f2b1002b701dd1b84e7e19e024f91849bc28caf9,2026-09-16T17:45:03.921Z,267
meta/1980/1980-02.jsonl,meta$198002,d280b135674c24d7b5103615a395e5ea99c3fc2a,2026-09-16T17:45:09.487Z,346
meta/1980/1980-03.jsonl,meta$198003,f18f078156f8a31ddbbc0bb83fc460955cacf3bd,2026-09-16T17:45:15.005Z,527
meta/1980/1980-04.jsonl,meta$198004,ed03601ea36f55c0e46effaea2ed3df2caa76191,2026-09-16T17:45:20.466Z,766
meta/1980/1980-05.jsonl,meta$198005,a33bcd6021ee64a525d6eda9003205a0f4514027,2026-09-16T17:45:25.932Z,446
meta/1980/1980-06.jsonl,meta$198006,5e65d45e9abb150375c804c9ab4a886b7ae1f41f,2026-09-16T17:45:31.461Z,393
meta/1980/1980-07.jsonl,meta$198007,89e62aecb32549e5811131ef1c0c500f95df3eed,2026-09-16T17:45:36.979Z,362
meta/1980/1980-08.jsonl,meta$198008,9b3d12e5291658f5602396443c9b343f69f3c565,2026-09-16T17:45:42.512Z,440
meta/1980/1980-09.jsonl,meta$198009,0d87d8eff36a54432e69b61becbcbdcd7bda4e3f,2026-09-16T17:45:48.209Z,540
meta/1980/1980-10.jsonl,meta$198010,32e0c9239a9d5fd8be82b60e2c6c1d9ea66bfc90,2026-09-16T17:45:53.675Z,238
meta/1980/1980-11.jsonl,meta$198011,0339389f8558adcf27c2a7864ce0ba055efa5701,2026-09-16T17:46:02.021Z,342
meta/1980/1980-12.jsonl,meta$198012,013c7db2d3bbd1e95f19699d2759b513bd062d09,2026-09-16T17:46:14.128Z,448
meta/1981/1981-01.jsonl,meta$198101,09cb6e7dbb8a6379d61871c98323430d9b95b0aa,2026-09-16T17:46:19.657Z,378
meta/1981/1981-02.jsonl,meta$198102,4c26928d47e81972ee35a2cc3e4f715d3ce84123,2026-09-16T17:46:25.230Z,304
meta/1981/1981-03.jsonl,meta$198103,446aef46efb1d90611fe119de11d0a982ee96493,2026-09-16T17:46:37.097Z,913
meta/1981/1981-04.jsonl,meta$198104,045548153f24de6a1dc6119d66cba349113e6fdf,2026-09-16T17:46:51.585Z,451
meta/1981/1981-05.jsonl,meta$198105,071ba23c46f1ea75d6e9adac892850e76eaa88c6,2026-09-16T17:46:57.048Z,341
meta/1981/1981-06.jsonl,meta$198106,00b977e21d22ffbf3142cc7e8380f7b3e5652eaf,2026-09-16T17:47:02.666Z,552
meta/1981/1981-07.jsonl,meta$198107,83cfab6c8303eb960305649c3078378555a626bf,2026-09-16T17:47:08.259Z,450
meta/1981/1981-08.jsonl,meta$198108,3d6fc6d18072e1e46da58e5dda4b6a6ba7f71109,2026-09-16T17:47:13.812Z,642
meta/1981/1981-09.jsonl,meta$198109,934b14298eace49de16413e86556b3572aca34c2,2026-09-16T17:47:19.314Z,335
meta/1981/1981-10.jsonl,meta$198110,d28a7c6c07408fcaa922b28e64475b586ff02221,2026-09-16T17:47:24.815Z,351
meta/1981/1981-11.jsonl,meta$198111,2c04eb8cfc655eae428642f7ed31ba04f6ea2e71,2026-09-16T17:47:30.431Z,345
meta/1981/1981-12.jsonl,meta$198112,1366cd84897b7fea706200eb99086cfb0920340a,2026-09-16T17:47:38.248Z,553
meta/1982/1982-01.jsonl,meta$198201,322202cb4cead76545d9cefc6a25b19f4ea1c785,2026-09-16T17:47:43.805Z,272
meta/1982/1982-02.jsonl,meta$198202,1c8fd9d535350b84331c6a8121ca39487c1073ee,2026-09-16T17:47:49.287Z,442
meta/1982/1982-03.jsonl,meta$198203,4bd3ddcd21b834335c930de078b2345487bb8d39,2026-09-16T17:47:54.893Z,600
meta/1982/1982-04.jsonl,meta$198204,4f345e9f2e00e3cba72a808dcf326e688fea5306,2026-09-16T17:48:00.458Z,466
meta/1982/1982-05.jsonl,meta$198205,9e0b5bd0afbdf87f885e0ff69cdda04b02d26597,2026-09-16T17:48:06.025Z,502
meta/1982/1982-06.jsonl,meta$198206,fc80d1578414399123b33484ae900ed81ca12884,2026-09-16T17:48:11.466Z,543
meta/1982/1982-07.jsonl,meta$198207,86bd28f7e09d00d6a64f8971325e2e41dda17f05,2026-09-16T17:48:16.972Z,552
meta/1982/1982-08.jsonl,meta$198208,03cd36534b4dddd0dce339236ae20d142dd2a160,2026-09-16T17:48:22.442Z,339
meta/1982/1982-09.jsonl,meta$198209,f2196f2c0ad9cf0ad2dabf15346de17f2fa8b63b,2026-09-16T17:48:27.949Z,550
meta/1982/1982-10.jsonl,meta$198210,23b3c766b846231541da1ab735820f8f2ac04f76,2026-09-16T17:48:33.515Z,386
meta/1982/1982-11.jsonl,meta$198211,8f9f4cbf5fcfce24c1c89783cecd39beb90de7f6,2026-09-16T17:48:38.978Z,422
meta/1982/1982-12.jsonl,meta$198212,33fb61fd7ecdf254894577fa1c51dd268369b0af,2026-09-16T17:48:44.558Z,467
meta/1983/1983-01.jsonl,meta$198301,3f05d3519af3dda1729d943687ffdad132328dc1,2026-09-16T17:48:50.045Z,258
meta/1983/1983-02.jsonl,meta$198302,0b2b6d3f431c0143d7265075f9b69372606ca505,2026-09-16T17:48:55.553Z,445
meta/1983/1983-03.jsonl,meta$198303,bc6bcf8dcc4481aafe14866f28d6bacb2a551938,2026-09-16T17:49:01.243Z,663
meta/1983/1983-04.jsonl,meta$198304,c328f86614bdf932cc23b829bc987ad4be21c0c2,2026-09-16T17:49:06.870Z,341
meta/1983/1983-05.jsonl,meta$198305,652dca821689cbce93382682b5ea2337f4f71d7f,2026-09-16T17:49:12.429Z,625
meta/1983/1983-06.jsonl,meta$198306,e69351db4551c0e195fa042d335b5cdcff52fde5,2026-09-16T17:49:17.959Z,394
meta/1983/1983-07.jsonl,meta$198307,53e27a92017076a0227a6dfc3f403a6b05158ad8,2026-09-16T17:49:23.554Z,653
meta/1983/1983-08.jsonl,meta$198308,584777f181815f269365d3143ffa63183002dfd4,2026-09-16T17:49:31.874Z,353
meta/1983/1983-09.jsonl,meta$198309,b4e948728aee34054452e8ae27320265b405ba26,2026-09-16T17:49:37.365Z,239
meta/1983/1983-10.jsonl,meta$198310,e4d045f3a9d1b6a82e833130b0f8c9badb2019e7,2026-09-16T17:49:42.863Z,289
meta/1983/1983-11.jsonl,meta$198311,91e41471aa8b1cc2b07de14ffeb49e0e375bd55b,2026-09-16T17:49:48.537Z,316
meta/1983/1983-12.jsonl,meta$198312,53265e1323d69da6b9d22646d6511b93566badef,2026-09-16T17:49:54.024Z,357
meta/1984/1984-01.jsonl,meta$198401,ab597c30dcee38954cbedfc3a41c3b41bc81d779,2026-09-16T17:49:59.465Z,228
meta/1984/1984-02.jsonl,meta$198402,c29ec4aa25b7166272ee6592b6a7884d9677784d,2026-09-16T17:50:05.013Z,200
meta/1984/1984-03.jsonl,meta$198403,8ba83c5cfd759c5f398ac57c952504247255672c,2026-09-16T17:50:10.568Z,582
meta/1984/1984-04.jsonl,meta$198404,2095cb87e2594ff21c8df571e24745afa0d9c4f6,2026-01-17T09:37:46.360Z,530
meta/1984/1984-05.jsonl,meta$198405,54f18f555b7c3afafef81fe621dbe2c286549bda,2026-01-17T09:37:51.274Z,437
meta/1984/1984-06.jsonl,meta$198406,199ec7fb306ecdc970a2130e57cb0d6eaa215646,2026-01-17T09:37:56.407Z,469
meta/1984/1984-07.jsonl,meta$198407,2c3ef95d9618dd71ca4505044e9882012a7745a3,2026-01-17T09:38:01.559Z,492
meta/1984/1984-08.jsonl,meta$198408,61d3d562a6d316db246b31cd6fec339331720696,2026-01-17T09:38:06.625Z,501
meta/1984/1984-09.jsonl,meta$198409,bdac65660423a2c3a4c222f5697085a9abbe4148,2026-01-17T09:38:15.041Z,317
meta/1984/1984-10.jsonl,meta$198410,80c4c6ff29965185870eaabd7ccf72e43e2b0db2,2026-01-17T09:38:20.708Z,384
meta/1984/1984-11.jsonl,meta$198411,b7128d65651b908c06b6c1d8dcd862ebf0a64b8b,2026-01-17T09:38:26.453Z,546
meta/1984/1984-12.jsonl,meta$198412,08599bd3c048aeff87fde2a41430e27ea8c8e5ba,2026-01-17T09:38:32.209Z,415
meta/1985/1985-01.jsonl,meta$198501,d9295e6ff2f266238afb52d089f950af0863d4cb,2026-01-17T09:38:37.146Z,285
meta/1985/1985-02.jsonl,meta$198502,693a6c6293b8c005dcef70b9818d4d2be7a6917a,2026-01-17T09:38:42.094Z,347
meta/1985/1985-03.jsonl,meta$198503,e604be45cf6014c31bb9b4e5af2636523c31a8e7,2026-01-17T09:38:47.179Z,285
meta/1985/1985-04.jsonl,meta$198504,10d574a7ca86f6e6363341c00f379398744f4ca0,2026-01-17T09:38:52.289Z,770
meta/1985/1985-05.jsonl,meta$198505,5b427c0b3df6448cb3374cfe5bf4ebb13fc68591,2026-01-17T09:38:57.373Z,546
meta/1985/1985-06.jsonl,meta$198506,9043d37dd5fd21d19f37945e10517f5c66a1d63c,2026-01-17T09:39:02.333Z,538
meta/1985/1985-07.jsonl,meta$198507,844f2fb93e9afc48a10b7e406bc116554e669619,2026-01-17T09:39:07.277Z,440
meta/1985/1985-08.jsonl,meta$198508,dfab83106c37d13ba6c49eaabcb9a46cdd09e584,2026-01-17T09:39:12.176Z,646
meta/1985/1985-09.jsonl,meta$198509,1fbdf131e54f91aa9be5d2c5f4fbb878fa7a2b59,2026-01-17T09:39:17.069Z,349
meta/1985/1985-10.jsonl,meta$198510,367523da23ba4b2627ef4e667f88d19f7ce195ea,2026-01-17T09:39:22.081Z,807
meta/1985/1985-11.jsonl,meta$198511,64c1f1d7c7b5bbf3b631051e108ed00d6271ba61,2026-01-17T09:39:27.110Z,491
meta/1985/1985-12.jsonl,meta$198512,aa77215cee0a1ebdf571c35952ea5c943cf4bd9d,2026-01-17T09:39:32.095Z,743
meta/1986/1986-01.jsonl,meta$198601,94f52980918533d35cfda9c8093ec10041d2a362,2026-01-17T09:39:37.034Z,439
meta/1986/1986-02.jsonl,meta$198602,4b54b5521ea37b9ef272e26c1b03e9f5f0c16373,2026-01-17T09:39:42.008Z,709
meta/1986/1986-03.jsonl,meta$198603,11709c89dbd735e5387547468bc130e9d5a55fd2,2026-01-17T09:39:46.984Z,602
meta/1986/1986-04.jsonl,meta$198604,f215ba78d0d94c359eac2870aa741e0d4bf09a0d,2026-01-17T09:39:52.030Z,1165
meta/1986/1986-05.jsonl,meta$198605,bb94d92c819f596799615e711b0eb6907412c674,2026-01-17T09:39:57.028Z,1150
meta/1986/1986-06.jsonl,meta$198606,cb969110f893e253b24e8fa2ff06d650d5f1a8a5,2026-01-17T09:40:01.946Z,526
meta/1986/1986-07.jsonl,meta$198607,91c23482533199216fe149cb58f3e1dfa9bcb1e0,2026-01-17T09:40:06.930Z,625
meta/1986/1986-08.jsonl,meta$198608,5281a69819f7a7476df9084fecc28d325ec01f76,2026-01-17T09:40:11.786Z,51
meta/1986/1986-09.jsonl,meta$198609,1566c39e01ea32c4598ea0386ea3b55c872144e3,2026-01-17T09:40:16.735Z,144
meta/1986/1986-10.jsonl,meta$198610,5f8b1563b63d9ed28a0fdd1d25df95fc6c1bed18,2026-01-17T09:40:21.674Z,528
meta/1986/1986-11.jsonl,meta$198611,cabeedeaf270e7111d5c3942cdd62771b7f7f7b8,2026-01-17T09:40:29.631Z,606
meta/1986/1986-12.jsonl,meta$198612,fc254e501dea1287acf7a23818f0760bd2544cef,2026-01-17T09:40:59.294Z,531
meta/1987/1987-01.jsonl,meta$198701,f810f9ebb368790d5572ae3b98f4f59b4157326e,2026-01-17T09:41:04.308Z,514
meta/1987/1987-02.jsonl,meta$198702,4448fba2a76d726ab3753a6415ace03fc4b15c0b,2026-01-17T09:41:09.293Z,566
meta/1987/1987-03.jsonl,meta$198703,f8ba1988346f59ad6c14110a4e70edd05375d60a,2026-01-17T09:41:18.525Z,755
meta/1987/1987-04.jsonl,meta$198704,4677800b1ddf6fa54250f1e6015649f5a58cb535,2026-01-17T09:41:23.529Z,768
meta/1987/1987-05.jsonl,meta$198705,b50ad4cbf82f6b36c328adbc8526be71adddfaee,2026-01-17T09:41:28.499Z,842
meta/1987/1987-06.jsonl,meta$198706,7d76d75b4fdfcb98d5eeb53eba1e0c634e83cfc1,2026-01-17T09:41:33.558Z,888
meta/1987/1987-07.jsonl,meta$198707,9695d558d5ca5ee2148090ee8a51c6dc073d09da,2026-01-17T09:41:38.664Z,632
meta/1987/1987-08.jsonl,meta$198708,ed32822c88297f4f69c4344c82cc824e61fc7c6d,2026-01-17T09:41:43.581Z,480
meta/1987/1987-09.jsonl,meta$198709,7cf7d1983b404fc5c0075e5bb11d245eb42dc4e3,2026-01-17T09:41:48.631Z,704
meta/1987/1987-10.jsonl,meta$198710,707720ecc042401889dc139456d7b660e20a1ac2,2026-01-17T09:41:54.495Z,482
meta/1987/1987-11.jsonl,meta$198711,3020e0f4ea1de0871d60020f9f1f9c3f07cb980e,2026-01-17T09:42:00.235Z,406
meta/1987/1987-12.jsonl,meta$198712,8442abfdf8332104127eadf006bc67383b9fa3ac,2026-01-17T09:42:05.291Z,685
meta/1988/1988-01.jsonl,meta$198801,21aaaad7a439ce50b7c32497753274fd0924741f,2026-01-17T09:42:10.303Z,476
meta/1988/1988-02.jsonl,meta$198802,a2b4b97837cf545dc074c9d09b005b9f925612b2,2026-01-17T09:42:15.336Z,626
meta/1988/1988-03.jsonl,meta$198803,12f9edd9401a35b0aa5de7dd4878da9f43d6db61,2026-01-17T09:42:20.305Z,1140
meta/1988/1988-04.jsonl,meta$198804,84bc877070714133e6e66cac5c1b22d79907464b,2026-01-17T09:42:26.069Z,969
meta/1988/1988-05.jsonl,meta$198805,a3e75de9a761b66963710876d4b3d552591c4836,2026-01-17T09:42:31.143Z,1228
meta/1988/1988-06.jsonl,meta$198806,66ec82cae38ba4c70b5d2643fdd3a9039c3ce464,2026-01-17T09:42:36.102Z,586
meta/1988/1988-07.jsonl,meta$198807,d15ba6e93fca580a9dccf4e5f22a8bad3fb2d6ed,2026-01-17T09:42:41.119Z,519
meta/1988/1988-08.jsonl,meta$198808,c9b1f858c9daa936b8217f666ef25966697f3f1b,2026-01-17T09:42:46.855Z,560
meta/1988/1988-09.jsonl,meta$198809,ab0e5efec29629e07250c560c97eabf10fc24c4a,2026-01-17T09:42:51.882Z,580
meta/1988/1988-10.jsonl,meta$198810,53858f6a754a6da8d7599a4c3698f0e5727cc8b4,2026-01-17T09:42:57.654Z,577
meta/1988/1988-11.jsonl,meta$198811,30b042775012ed85482020c862ddb10fb7ebb096,2026-01-17T09:43:03.529Z,726
meta/1988/1988-12.jsonl,meta$198812,e9c8faa01216eebf565dbdcc37c33d1df4cba552,2026-01-17T09:43:08.546Z,754
meta/1989/1989-01.jsonl,meta$198901,e77c35f46832e43994ecd08433b866c468533261,2026-01-17T09:43:13.711Z,659
meta/1989/1989-02.jsonl,meta$198902,7472cb18c6ac7a075b8785807eac7cca0c64e967,2026-01-17T09:43:19.462Z,789
meta/1989/1989-03.jsonl,meta$198903,a5e1244df4534656d581beb4f815df4a88d0ae5e,2026-01-17T09:43:24.641Z,1005
meta/1989/1989-04.jsonl,meta$198904,e883b2748c380e4d1f2fa03208720c32983a1278,2026-01-17T09:43:29.589Z,826
meta/1989/1989-05.jsonl,meta$198905,6463cc5a25f4ec1ba868e89619b3f6af97ed64f4,2026-01-17T09:43:34.543Z,551
meta/1989/1989-06.jsonl,meta$198906,9cc8ccfd026b119e3ffa694350559efdead6d726,2026-01-17T09:43:39.533Z,403
meta/1989/1989-07.jsonl,meta$198907,f436978fb3a6cb67c276b8f588f413c2a2864aab,2026-01-17T09:43:44.442Z,460
meta/1989/1989-08.jsonl,meta$198908,bf6973c478f57802365036164737be95c195cf0b,2026-01-17T09:43:49.380Z,642
meta/1989/1989-09.jsonl,meta$198909,1b07230f570db3a34387db7d8079586d2a01e20b,2026-01-17T09:43:55.078Z,679
meta/1989/1989-10.jsonl,meta$198910,d2b14bf93f5a582294d247f728d0f9ceac51d961,2026-01-17T09:44:00.009Z,718
meta/1989/1989-11.jsonl,meta$198911,306dae060d35a2d36ef9785d08a76741eafa5171,2026-01-17T09:44:05.787Z,586
meta/1989/1989-12.jsonl,meta$198912,6c4922f0413292fed60fbc6e760df1217cd0ef74,2026-01-17T09:44:14.171Z,643
meta/1990/1990-01.jsonl,meta$199001,0b0dc5975cbb36bc2c1445e3c8023cc8f2f1f166,2026-01-17T09:44:21.588Z,630
meta/1990/1990-02.jsonl,meta$199002,1de0681fc8607b353466ab12c073d34ddc90f6a4,2026-01-17T09:44:37.698Z,557
meta/1990/1990-03.jsonl,meta$199003,4637ffa306035001459c9be212d2dd4dc7ede67c,2026-01-17T09:44:45.034Z,918
meta/1990/1990-04.jsonl,meta$199004,93a4d39af7e00cf84de6f743c23b2b5a468c2bc4,2026-01-17T09:44:52.179Z,1074
meta/1990/1990-05.jsonl,meta$199005,eea003b72c72b9651047f4e8c9e8d619b117d5a2,2026-01-17T09:44:57.225Z,961
meta/1990/1990-06.jsonl,meta$199006,ef787ea4f3c3173dfb35ee2673dc3fca84e6ad85,2026-01-17T09:45:14.073Z,1087
meta/1990/1990-07.jsonl,meta$199007,bd478b1f4001d900ee8c50913f4f1692036a780c,2026-01-17T09:45:19.220Z,682
meta/1990/1990-08.jsonl,meta$199008,27e078643b069cb0b341de1aff39bafe8c84a5e6,2026-01-17T09:45:33.149Z,747
meta/1990/1990-09.jsonl,meta$199009,ad74ef29b72dc468def96a70008fbff67cbdc9aa,2026-01-17T09:45:38.257Z,870
meta/1990/1990-10.jsonl,meta$199010,0103ef75d9ca32fb741c3cf05ef49bb627257416,2026-01-17T09:45:47.129Z,850
meta/1990/1990-11.jsonl,meta$199011,f3840a3a7832e4dc86aaad0914aa0e1612bc0ee1,2026-01-17T09:45:52.138Z,652
meta/1990/1990-12.jsonl,meta$199012,d6b459bd4d2f036fa9bdb1de2927f419fd046624,2026-01-17T09:45:57.038Z,707
meta/1991/1991-01.jsonl,meta$199101,ac6162467d48ed6fe490162ffe67564c60ff029d,2026-01-17T09:46:02.005Z,761
meta/1991/1991-02.jsonl,meta$199102,e337128336cf3c6e731ad9ead5570eac6a7622fe,2026-01-17T09:46:06.967Z,801
meta/1991/1991-03.jsonl,meta$199103,8ee0c5d95a46d451b6b25dd9e361139e549713ea,2026-01-17T09:46:12.054Z,843
meta/1991/1991-04.jsonl,meta$199104,9047590e6c14b6092cef0aad291fe9e25ab4cccb,2026-01-17T09:46:21.141Z,693
meta/1991/1991-05.jsonl,meta$199105,d9e94a0e89ac347e4eac9d82748c88470996553f,2026-01-17T09:46:32.849Z,1410
meta/1991/1991-06.jsonl,meta$199106,2bc9c3a9bef5d1d082b65f32f052778d9c450110,2026-01-17T09:46:37.863Z,1317
meta/1991/1991-07.jsonl,meta$199107,17c10eb4e0abc40d9faafb87a79bb64b16b8fc0a,2026-01-17T09:46:42.949Z,1157
meta/1991/1991-08.jsonl,meta$199108,6a61293df3ae3c2b3e06003e2f271caed65ed08e,2026-01-17T09:46:47.957Z,775
meta/1991/1991-09.jsonl,meta$199109,a3cbd146d387f9a9776f542ae1af4d019b129284,2026-01-17T09:46:52.946Z,1132
meta/1991/1991-10.jsonl,meta$199110,ebbc52a09c7a1a821c43b85e1a2716c4ec27748f,2026-01-17T09:46:58.031Z,1086
meta/1991/1991-11.jsonl,meta$199111,1efe5220b4614c6d7169cb3dc4364fe3ddc8c7f4,2026-01-17T09:47:03.055Z,781
meta/1991/1991-12.jsonl,meta$199112,dfcfa9529e79de7e71b466ebc6614dec8db81f0c,2026-01-17T09:47:08.030Z,843
meta/1992/1992-01.jsonl,meta$199201,1c4057f82730af17fecba3cb9f526ccb2b8f3ed8,2026-01-17T09:47:13.032Z,800
meta/1992/1992-02.jsonl,meta$199202,e032b442395ec934ec18e35a070dac810a96d9a3,2026-01-17T09:47:29.440Z,909
meta/1992/1992-03.jsonl,meta$199203,faf5928d3f0455f435fc61523276ab675d262b75,2026-01-17T09:47:42.809Z,861
meta/1992/1992-04.jsonl,meta$199204,3c3c31327e3c3ed7c00a84bcf8116c79a0960894,2026-01-17T09:47:55.043Z,992
meta/1992/1992-05.jsonl,meta$199205,cae264579bd50289e49d8ce050f7f399bffc6e57,2026-01-17T09:48:10.719Z,728
meta/1992/1992-06.jsonl,meta$199206,4d39577c7745706b4f3950f8d1decf672ce98965,2026-01-17T09:48:15.774Z,1100
meta/1992/1992-07.jsonl,meta$199207,c9169cc64d193bd424883dcd75060e20750b6bdc,2026-01-17T09:48:20.800Z,784
meta/1992/1992-08.jsonl,meta$199208,d504d25b4310b7b857f8c6b2471a974949c9ced5,2026-01-17T09:48:25.873Z,716
meta/1992/1992-09.jsonl,meta$199209,14080c9cf589b953bcb71955c52ebb1b3366b3b1,2026-01-17T09:48:30.964Z,1017
meta/1992/1992-10.jsonl,meta$199210,dcc07303ca21b0da1bac8cd82257f377838a2007,2026-01-17T09:48:36.011Z,980
meta/1992/1992-11.jsonl,meta$199211,995a855ca2ba6a35b04aff640fce05d11b0fc048,2026-01-17T09:48:41.037Z,718
meta/1992/1992-12.jsonl,meta$199212,09cf9edba3bedf4bb2d1b2b5c3e192921853f1d2,2026-01-17T09:48:46.035Z,960
meta/1993/1993-01.jsonl,meta$199301,366a955b58e4065f245c33f1020cea4440deb247,2026-01-17T09:48:51.111Z,615
meta/1993/1993-02.jsonl,meta$199302,2ab90168bbfac912174cea1c19d14e935a4a36bb,2026-01-17T09:48:56.180Z,808
meta/1993/1993-03.jsonl,meta$199303,d4de5558080e52ef9c6a627ae1a217512201bcf5,2026-01-17T09:49:01.244Z,996
meta/1993/1993-04.jsonl,meta$199304,ba015d875dc5f7c77faeb774a30c3f24a44af074,2026-01-17T09:49:06.340Z,658
meta/1993/1993-05.jsonl,meta$199305,36c0dbb9ff532eca9ed8a12af2d51772a2a3767b,2026-01-17T09:49:11.397Z,572
meta/1993/1993-06.jsonl,meta$199306,c3de240b743a4912116e5635fe0c437868766e86,2026-01-17T09:49:16.618Z,733
meta/1993/1993-07.jsonl,meta$199307,ef6bb337ab13472e4f990bb1ca39999d2f1ff5fc,2026-01-17T09:49:21.716Z,731
meta/1993/1993-08.jsonl,meta$199308,24debb6f6c9dd69bd02d636dd138cf950d68beef,2026-01-17T09:49:26.709Z,732
meta/1993/1993-09.jsonl,meta$199309,37a6bb0ae8af3781a98922402eab29f47b675adb,2026-01-17T09:49:31.689Z,834
meta/1993/1993-10.jsonl,meta$199310,0005564f4133f8be9551e1356d304073d752d3f6,2026-01-17T09:49:36.744Z,698
meta/1993/1993-11.jsonl,meta$199311,04f21a98afec2aedcb81b204969b5c1106b78943,2026-01-17T09:49:41.687Z,852
meta/1993/1993-12.jsonl,meta$199312,41f080c914591457bd4c77c2f062b6947bbc374d,2026-01-17T09:49:46.757Z,1045
meta/1994/1994-01.jsonl,meta$199401,d7d4d178194ef8b281a3dff37f677a610b55bada,2026-01-17T09:49:51.866Z,712
meta/1994/1994-02.jsonl,meta$199402,afedbc345ad0cd34dc0ed0398327a7b5d43962cd,2026-01-17T09:49:56.885Z,897
meta/1994/1994-03.jsonl,meta$199403,7cbf7ba0faa249dd3ab1e30563e80c91a4da79d5,2026-01-17T09:50:01.950Z,845
meta/1994/1994-04.jsonl,meta$199404,e2ceaf4cebbfa7e7d3c08f0accba33cb17f5681c,2026-01-17T09:50:07.054Z,527
meta/1994/1994-05.jsonl,meta$199405,a491c5e1cf8f44cb8bcb7f4e3bfcc838a03df0b4,2026-01-17T09:50:12.146Z,639
meta/1994/1994-06.jsonl,meta$199406,d2c124ba180363bee147142dbeee31093dd7a539,2026-01-17T09:50:17.109Z,730
meta/1994/1994-07.jsonl,meta$199407,987ba6f622c65dd3470a49aa6eaabf6d525dc282,2026-01-17T09:50:22.152Z,818
meta/1994/1994-08.jsonl,meta$199408,f7a8a9b96346e1341fe2fe247572165bb2773428,2026-01-17T09:50:27.481Z,845
meta/1994/1994-09.jsonl,meta$199409,37b68dead91beda7bf550e7a962cbabc08b8beef,2026-01-17T09:50:32.590Z,699
meta/1994/1994-10.jsonl,meta$199410,c793cb8e3bf0c193132b388deb6d40720a76c79d,2026-01-17T09:50:37.590Z,856
meta/1994/1994-11.jsonl,meta$199411,701e3b11f9adfeb50e3e0e655466585f225077fa,2026-01-17T09:50:42.734Z,1459
meta/1994/1994-12.jsonl,meta$199412,e991317b4460e880d73b7e1b93f4489888cdf694,2026-01-17T09:50:47.874Z,1150
meta/1995/1995-01.jsonl,meta$199501,49ef2b46167ae8efa835c302b973b8f97648abc9,2026-01-17T09:50:52.923Z,704
meta/1995/1995-02.jsonl,meta$199502,c7642d724a6e99dea76280bb58f522ca4531ce51,2026-01-17T09:50:58.006Z,612
meta/1995/1995-03.jsonl,meta$199503,d95674404fb84b68eb339e69448176051395d64c,2026-01-17T09:51:03.064Z,812
meta/1995/1995-04.jsonl,meta$199504,b16b8e52b6e69a93f110be99839206a5e4d79507,2026-01-17T09:51:08.031Z,910
meta/1995/1995-05.jsonl,meta$199505,8decfc0f86da530d2b2a15418850d7a9082668cf,2026-01-17T09:51:13.023Z,700
meta/1995/1995-06.jsonl,meta$199506,bb3da9fb484eea5af2c7a0e6c4c0a8639dc9c095,2026-01-17T09:51:17.997Z,770
meta/1995/1995-07.jsonl,meta$199507,4e0141ee96f311a3620199785b50f0085d4de8df,2026-01-17T09:51:23.108Z,648
meta/1995/1995-08.jsonl,meta$199508,d8c84a7b023233b7da05ead34ab5a184ced75d63,2026-01-17T09:51:28.114Z,726
meta/1995/1995-09.jsonl,meta$199509,a4d8056fc9e178bc14ea734dedeaed49afc65cb2,2026-01-17T09:51:33.124Z,782
meta/1995/1995-10.jsonl,meta$199510,fd0c7104af01c2689cb033b2f404f7af65d828eb,2026-01-17T09:51:38.271Z,822
meta/1995/1995-11.jsonl,meta$199511,20b80215bb182187176e8e335a54c2e604b3c0f9,2026-01-17T09:51:43.320Z,866
meta/1995/1995-12.jsonl,meta$199512,8595a7e57fcb9ec092b2309b2e6c03fd50489acf,2026-01-17T09:51:58.801Z,1065
meta/1996/1996-01.jsonl,meta$199601,94cb202398c2e9a140d2b1daa7996b3c62a2c885,2026-01-17T09:52:03.835Z,1635
meta/1996/1996-02.jsonl,meta$199602,097727adc6aa29772f2cdf0b56088fcc455433a4,2026-01-17T09:52:08.870Z,1458
meta/1996/1996-03.jsonl,meta$199603,0aa9c52f94745c0b407f7622bd421c084f2922aa,2026-01-17T09:52:26.367Z,1589
meta/1996/1996-04.jsonl,meta$199604,b2de0f4cdea882b03f637dd331b4d6d557e69f9b,2026-01-17T09:52:41.465Z,1333
meta/1996/1996-05.jsonl,meta$199605,232ecf15ef5323775e8f5d8c106448822551f80c,2026-01-17T09:52:46.887Z,1330
meta/1996/1996-06.jsonl,meta$199606,7424448872971e81e7de12bff21b41a45e43b033,2026-01-17T09:52:52.932Z,1148
meta/1996/1996-07.jsonl,meta$199607,7851ef97cd8106a720eeccaf4cd2264a89e6d985,2026-01-17T09:52:57.987Z,1593
meta/1996/1996-08.jsonl,meta$199608,6456338dc65ceac150f6a6fefaa5b41ee92ee882,2026-01-17T09:53:03.115Z,1728
meta/1996/1996-09.jsonl,meta$199609,ba544d18d2c3a59adef6c23a8f35c25482742dba,2026-01-17T09:53:08.122Z,1562
meta/1996/1996-10.jsonl,meta$199610,7a0ddb5831c887bf4d7d7d109fdc322cb2ea356c,2026-01-17T09:53:13.209Z,1914
meta/1996/1996-11.jsonl,meta$199611,32c3916315fca37f2650f836d5f1f81901695449,2026-01-17T09:53:24.257Z,1471
meta/1996/1996-12.jsonl,meta$199612,b48d95a30c7d047670b0ff76ed1bf3ca161d04bd,2026-01-17T09:53:29.281Z,1513
meta/1997/1997-08.jsonl,meta$199708,83caa5efd25c9517c4ccfc8b4af038dca8c8bd72,2026-01-17T09:53:44.527Z,115
meta/1997/1997-09.jsonl,meta$199709,3c4b48a4ca049a3feb5b05325df795165f6b18b8,2026-01-17T09:53:59.206Z,1148
meta/1997/1997-10.jsonl,meta$199710,d79d9040c865a6ed90691679d3a8cf4789567505,2026-01-17T09:54:04.405Z,1216
meta/1997/1997-11.jsonl,meta$199711,614ee7fcb7c536331bc0d02c9307073dc1fc7720,2026-01-17T09:54:20.907Z,2406
meta/1997/1997-12.jsonl,meta$199712,09ca766e0d5f0814023dc656845eebe3cce55322,2026-01-17T09:54:26.201Z,2547
meta/1998/1998-01.jsonl,meta$199801,3b5904060b580a0d6dd4f9fe39cac2dc0280d053,2026-01-17T09:54:32.053Z,1263
meta/1998/1998-02.jsonl,meta$199802,7dc95f43aaa5a519ec7c268ddf87f285077738c7,2026-01-17T09:54:49.101Z,722
meta/1998/1998-03.jsonl,meta$199803,e9011bd1145e7706391f11eb9fd8f5b4e3a4bc09,2026-01-17T09:54:54.084Z,752
meta/1998/1998-04.jsonl,meta$199804,17e2593e8a5925c0dae7c82fef1c5f3a4db26152,2026-01-17T09:54:59.196Z,1035
meta/1998/1998-05.jsonl,meta$199805,6af9657515359f7bd739650027449c1b6f7a7f66,2026-01-17T09:55:04.152Z,680
meta/1998/1998-06.jsonl,meta$199806,b5470cdcbf300e79f68bba45fa99627ba4a01a8a,2026-01-17T09:55:09.277Z,1018
meta/1998/1998-07.jsonl,meta$199807,32a8f59b286532d9e429f8aaa807eb0439b7acde,2026-01-17T09:55:22.285Z,1257
meta/1998/1998-08.jsonl,meta$199808,8e8d7695cc2427576432b6ceb4f776f21cc9a715,2026-01-17T09:55:28.143Z,1594
meta/1998/1998-09.jsonl,meta$199809,a24f84e69589c512e11823a5b89a0cc847cbb056,2026-01-17T09:55:33.331Z,1900
meta/1998/1998-10.jsonl,meta$199810,9d914bb2a87904a45c6e697927c70322a0c3a7b3,2026-01-17T09:55:39.338Z,2026
meta/1998/1998-11.jsonl,meta$199811,dd3425158e8285c1f6e4e3a71f88186dd6544184,2026-01-17T09:55:45.207Z,1879
meta/1998/1998-12.jsonl,meta$199812,43a1cc3be20aedf4381e12357dd49b1e935324a2,2026-01-17T09:55:51.211Z,2239
meta/1999/1999-01.jsonl,meta$199901,422c3ad87f7ba89c8eeb3964ab914a3eedd63857,2026-01-17T09:55:56.300Z,1646
meta/1999/1999-02.jsonl,meta$199902,1d8e57a1f8a62d259a9cf92cef181f53e31f4f69,2026-01-17T09:56:01.481Z,1379
meta/1999/1999-03.jsonl,meta$199903,5e406dac890f1d5116f1cb3a81c8e7a72e9b61eb,2026-01-17T09:56:07.412Z,1973
meta/1999/1999-04.jsonl,meta$199904,9547f910c630c00ba9d8052ae169019e64a50eec,2026-01-17T09:56:12.505Z,1551
meta/1999/1999-05.jsonl,meta$199905,1d6196a2d247b0e7a211b49a3522471353bdc764,2026-01-17T09:56:17.479Z,1218
meta/1999/1999-06.jsonl,meta$199906,40d22ba6c40de89a08244e695a023ebaa390f21b,2026-01-17T09:56:22.484Z,1334
meta/1999/1999-07.jsonl,meta$199907,ba6808b7650d39b5edde32c46d858d932bdcae78,2026-01-17T09:56:28.287Z,1285
meta/1999/1999-08.jsonl,meta$199908,220eccaedcb10e7ff386735e0a2e0f716caad641,2026-01-17T09:56:38.211Z,1507
meta/1999/1999-09.jsonl,meta$199909,4a38118d2c19342feeca515fe1ef8fa954ace1cb,2026-01-17T09:56:44.096Z,1644
meta/1999/1999-10.jsonl,meta$199910,6e46548a166ca56c9090b7880751bbcdf9455795,2026-01-17T09:56:49.177Z,1274
meta/1999/1999-11.jsonl,meta$199911,15e82a5899947e5156b6faa9340e47da8314be61,2026-01-17T09:56:55.059Z,1638
meta/1999/1999-12.jsonl,meta$199912,a2a9fe01b9789338af243d7a3d9f14ed3a2089b2,2026-01-17T09:57:01.018Z,2024
meta/2000/2000-01.jsonl,meta$200001,5031525b7d8b42ea78465e5765be84f5af2e1d3e,2026-01-17T09:57:06.227Z,794
meta/2000/2000-02.jsonl,meta$200002,ee6838f63b94ee3a5000ec3a4684e5d8753fcbb3,2026-01-17T09:57:20.964Z,1065
meta/2000/2000-03.jsonl,meta$200003,c407819a387d3f64260c7dd702680b96b5588abc,2026-01-17T09:57:26.869Z,815
meta/2000/2000-04.jsonl,meta$200004,ed183eaee760444cf43a9c769014047ace6f2812,2026-01-17T09:57:32.671Z,715
meta/2000/2000-05.jsonl,meta$200005,a1517dfe427301369f3d0252726c79e8e1b05ab9,2026-01-17T09:57:38.518Z,700
meta/2000/2000-06.jsonl,meta$200006,3af60630d19087a6da81f6288ffcc18793b1160a,2026-01-17T09:57:43.606Z,763
meta/2000/2000-07.jsonl,meta$200007,3ab466118febe1a8dd40b532e317b218d186f3e6,2026-01-17T09:57:48.654Z,926
meta/2000/2000-08.jsonl,meta$200008,496bb060565e09ef302d945801e3f20ef7216df2,2026-01-17T09:57:53.776Z,985
meta/2000/2000-09.jsonl,meta$200009,bbdb80477ece581717565fcc363bb986c4303e8b,2026-01-17T09:58:09.441Z,882
meta/2000/2000-10.jsonl,meta$200010,b0307f4d93b4637c14104bcb6c177a24382390e6,2026-01-17T09:58:14.754Z,900
meta/2000/2000-11.jsonl,meta$200011,6d151f60a0ee7eafb3e5c5cae227fb58350cae45,2026-01-17T09:58:19.763Z,1005
meta/2000/2000-12.jsonl,meta$200012,7828b9db3375665971f159c7665a61fe456dc0e0,2026-01-17T09:58:33.914Z,987
meta/2001/2001-01.jsonl,meta$200101,dd4660194a7c2c74b517f0ee3701c0e3c5ca1b20,2026-01-17T09:58:38.966Z,832
meta/2001/2001-02.jsonl,meta$200102,d6d9a1d44ff78affe2c111b56ccae1c4bf9e12ab,2026-01-17T09:58:56.226Z,1009
meta/2001/2001-03.jsonl,meta$200103,9840c479ec70959265461a6de3306129195a3a27,2026-01-17T09:59:01.177Z,741
meta/2001/2001-04.jsonl,meta$200104,3639392e574e8aada45e232b1f93d9e6e7419255,2026-01-17T09:59:06.216Z,672
meta/2001/2001-05.jsonl,meta$200105,6014493322d78df637ff57bd649c7f1fd99b3c60,2026-01-17T09:59:11.238Z,773
meta/2001/2001-06.jsonl,meta$200106,79cf6529719ef8e960da3d7a9c207e9fe4a038e8,2026-01-17T09:59:16.251Z,696
meta/2001/2001-07.jsonl,meta$200107,1877e427e1debecec8c0a8b8a0a77b522d71bc76,2026-01-17T09:59:21.214Z,778
meta/2001/2001-08.jsonl,meta$200108,b8498e0117bc0c519f370932fe9b5b3dfef9ade9,2026-01-17T09:59:26.377Z,830
meta/2001/2001-09.jsonl,meta$200109,6d85a60fc2e93d372bbfb0da2d38931ca934d8c3,2026-01-17T09:59:31.449Z,834
meta/2001/2001-10.jsonl,meta$200110,5158ee88bcf5aee86b03c0106c46cd6cb95f3909,2026-01-17T09:59:36.458Z,923
meta/2001/2001-11.jsonl,meta$200111,84c0537fe7cfcce98643e873014685a1214a6c9a,2026-01-17T09:59:42.186Z,988
meta/2001/2001-12.jsonl,meta$200112,f2a08dbbc113b48b84b21797ce09482151e33e82,2026-01-17T09:59:48.003Z,1021
meta/2002/2002-01.jsonl,meta$200201,3302d2ba8061126bf47824f6c140e1f7c0d742e0,2026-01-17T09:59:52.918Z,42
meta/2002/2002-02.jsonl,meta$200202,2e68211f141ce84be0fa569a83628023ad805193,2026-01-17T09:59:57.861Z,254
meta/2002/2002-03.jsonl,meta$200203,773a364995b9b52a213759258e9e8dabae494c26,2026-01-17T10:00:02.725Z,72
meta/2002/2002-04.jsonl,meta$200204,06bedf50b6aaa3adf339a64c120f2518b22eab61,2026-01-17T10:00:07.668Z,138
meta/2002/2002-05.jsonl,meta$200205,ef3c376f671a843fe9472d611cb60ed039019283,2026-01-17T10:00:12.521Z,79
meta/2002/2002-06.jsonl,meta$200206,95ca532e3d5042668191b74534e48a2e7c31b717,2026-01-17T10:00:17.590Z,362
meta/2002/2002-07.jsonl,meta$200207,8f7ac2f1ec3ad99d7eac2f8b0e8edc3ed61c0a11,2026-01-17T10:00:22.728Z,1125
meta/2002/2002-08.jsonl,meta$200208,995203b69295bd62d37d82b65c866d0602dbfdcb,2026-01-17T10:00:28.934Z,1074
meta/2002/2002-09.jsonl,meta$200209,bac2533aa1c5eb4421e09b7315abc438fa44c3f9,2026-01-17T10:00:34.348Z,776
meta/2002/2002-10.jsonl,meta$200210,df1d3cab56e967b9d89c74503ed6dd630549a9d7,2026-01-17T10:00:39.399Z,1214
meta/2002/2002-11.jsonl,meta$200211,cf26d1b27ec7484c63764ec2a44fe36d6467c414,2026-01-17T10:00:44.515Z,916
meta/2002/2002-12.jsonl,meta$200212,d77c785f329cf0aaeff08b4192a7186e90d22a67,2026-01-17T10:00:50.278Z,1111
meta/2003/2003-01.jsonl,meta$200301,7b96282283c40b3019277c0cd3d08f5fb9fe918c,2026-01-17T10:00:55.553Z,1075
meta/2003/2003-02.jsonl,meta$200302,e03d984d426f4ca97ccf6f891e194dd4dfb0850c,2026-01-17T10:01:00.672Z,1772
meta/2003/2003-03.jsonl,meta$200303,52bea43a832fd6e4380fac628b9d12eecf9abe75,2026-01-17T10:01:05.770Z,1438
meta/2003/2003-04.jsonl,meta$200304,5eb91dc653dbd7eeaee2c78bdca7fb0d675ac4a1,2026-01-17T10:01:11.312Z,950
meta/2003/2003-05.jsonl,meta$200305,97746e904d3d698f3940a1f55ed25e8e69dc1431,2026-01-17T10:01:16.344Z,840
meta/2003/2003-06.jsonl,meta$200306,09063062498c91df9dc1bd8c074a18c4b12a4fe0,2026-01-17T10:01:21.371Z,878
meta/2003/2003-07.jsonl,meta$200307,e54c3b174d8b0ba452cfc826d3fe516c3361493d,2026-01-17T10:01:26.389Z,1796
meta/2003/2003-08.jsonl,meta$200308,c7a06001d1cf1131dd7befb60ebac4549e9e6733,2026-01-17T10:01:31.496Z,1295
meta/2003/2003-09.jsonl,meta$200309,ab04c2280499c4eb2831cd9e7588babadeb5cb68,2026-01-17T10:01:36.793Z,2201
meta/2003/2003-10.jsonl,meta$200310,20eedbed4d05538fb2ae027ae416c844e80c0eb1,2026-01-17T10:01:41.988Z,1570
meta/2003/2003-11.jsonl,meta$200311,53e8f4a2cc5da2870c1452c9a4be25ea8e2e2ea6,2026-01-17T10:01:47.028Z,1253
meta/2003/2003-12.jsonl,meta$200312,e5a699d438b44358a77b94ab0a29ea8830caa125,2026-01-17T10:01:52.995Z,3251
meta/2004/2004-01.jsonl,meta$200401,ed60914aad7edaf79d542f4f6536dcbadb2a696d,2026-01-17T10:01:58.209Z,1280
meta/2004/2004-02.jsonl,meta$200402,8ebb82125a0ea6c86bbb6eb090ac45b3c55f7a1c,2026-01-17T10:02:03.317Z,1147
meta/2004/2004-03.jsonl,meta$200403,9b5a70b53abe1f04bc587aa641d5d10cefadd715,2026-01-17T10:02:08.491Z,1638
meta/2004/2004-04.jsonl,meta$200404,33a19d2ebbbaf964cf87841af731def8d2430c46,2026-01-17T10:02:13.727Z,1287
meta/2004/2004-05.jsonl,meta$200405,2101b164532cde4c61bbaddb069fd063c1d4a71b,2026-01-17T10:02:18.910Z,1630
meta/2004/2004-06.jsonl,meta$200406,1fbaf3c23d8006cfda8c46ac76190159919f2609,2026-01-17T10:02:23.935Z,1449
meta/2004/2004-07.jsonl,meta$200407,5352170ccddb1e8316829fe609376870a82426ad,2026-01-17T10:02:29.144Z,1635
meta/2004/2004-08.jsonl,meta$200408,e7a7f2382a4132af48e1ac51509a5fbf74ded3ef,2026-01-17T10:02:34.282Z,1456
meta/2004/2004-09.jsonl,meta$200409,6d8fc1ab043503f23256845d248ecd185a98a75c,2026-01-17T10:02:39.518Z,2061
meta/2004/2004-10.jsonl,meta$200410,4dea8721ad1b5daaa3241f1068d1d323da27085c,2026-01-17T10:02:44.706Z,1879
meta/2004/2004-11.jsonl,meta$200411,8e0928c1a3aeffa3740536d88415fb4df6635556,2026-01-17T10:02:49.973Z,2649
meta/2004/2004-12.jsonl,meta$200412,295fca7f226246a0340620f6866b0c7801e48487,2026-01-17T10:02:55.307Z,3099
meta/2005/2005-01.jsonl,meta$200501,74c26191811e7217556162f48eeeaa5b98d529aa,2026-01-17T10:03:01.057Z,384
meta/2005/2005-02.jsonl,meta$200502,79432a63c13b702dfbcc7d5515ede9ca36ea5d89,2026-01-17T10:03:06.039Z,886
meta/2005/2005-03.jsonl,meta$200503,0b3d5c61c69292b210c22c83be05a4be1d6f2dbc,2026-01-17T10:03:11.289Z,1634
meta/2005/2005-04.jsonl,meta$200504,ee2e42fb3f4abd65c74dad2bc9471acb877705f7,2026-01-17T10:03:16.435Z,1278
meta/2005/2005-05.jsonl,meta$200505,e8e25cff350d64f309f9564cfcb2eb63617e1a9b,2026-01-17T10:03:21.600Z,1587
meta/2005/2005-06.jsonl,meta$200506,605397af735835a552c58e1155f8e78d88dae56b,2026-01-17T10:03:26.641Z,1550
meta/2005/2005-07.jsonl,meta$200507,c2648d30d4facac4ce32b056ef6105eded1dee2f,2026-01-17T10:03:31.720Z,1841
meta/2005/2005-08.jsonl,meta$200508,01f3bfd9e19df4a0b4c5bb232dec0e09569ccf4c,2026-01-17T10:03:36.871Z,1678
meta/2005/2005-09.jsonl,meta$200509,102dba218e8f2ee168304c75bf833ef395cd808a,2026-01-17T10:03:42.170Z,2850
meta/2005/2005-10.jsonl,meta$200510,f67653bb2fffa1a02137c749efd5332f9e815dfa,2026-01-17T10:03:47.357Z,1595
meta/2005/2005-11.jsonl,meta$200511,af9d3853ebd2b477db8f44934d560d45ad3a5972,2026-01-17T10:03:52.723Z,2742
meta/2005/2005-12.jsonl,meta$200512,0afe7645d2cb5527a5ffd6a39fe813b2ba981188,2026-01-17T10:03:58.229Z,2157
meta/2006/2006-01.jsonl,meta$200601,223dfc42f54dde88bd2a4a326ac3e8a8c5bc85ad,2026-01-17T10:04:03.422Z,2021
meta/2006/2006-02.jsonl,meta$200602,f8d3e1a5d2b049b63048bc1c005df377b737c262,2026-01-17T10:04:09.503Z,1768
meta/2006/2006-03.jsonl,meta$200603,db00c6c4247906efe2626fe6382b4766d055a947,2026-01-17T10:04:15.594Z,2897
meta/2006/2006-04.jsonl,meta$200604,e999e139eebcaf74f0fad6445e2c643ba086331f,2026-01-17T10:04:20.861Z,1989
meta/2006/2006-05.jsonl,meta$200605,a4ca94d313a66779abd8284679d7edf599154b7e,2026-01-17T10:04:26.739Z,2022
meta/2006/2006-06.jsonl,meta$200606,3c2cc93aca4a8d937841e744913b5edbca7bdccb,2026-01-17T10:04:32.100Z,2149
meta/2006/2006-07.jsonl,meta$200607,04e52b5622a62edd08a730db521b517437ece359,2026-01-17T10:04:37.430Z,1498
meta/2006/2006-08.jsonl,meta$200608,333330df56b3275f0f9db41d5f6380f143dc5715,2026-01-17T10:04:42.939Z,2137
meta/2006/2006-09.jsonl,meta$200609,6d3633665092053afcec9833a7ce948e62c4eb55,2026-01-17T10:04:48.128Z,2103
meta/2006/2006-10.jsonl,meta$200610,d05cd6b62e1627eb7c12a98a9a712f6f886b1105,2026-01-17T10:04:53.336Z,2613
meta/2006/2006-11.jsonl,meta$200611,43299d2cb44d6ecec6f7adcc3b905ac6572d5175,2026-01-17T10:04:58.699Z,2191
meta/2006/2006-12.jsonl,meta$200612,ab5c29f01303c579b7c2211a3738505243413747,2026-01-17T10:05:03.945Z,2015
meta/2007/2007-01.jsonl,meta$200701,0cfd690a1637291139fec2610f079d11962092ba,2026-01-17T10:05:09.210Z,2262
meta/2007/2007-02.jsonl,meta$200702,7103513d02ebc7c1ca56b95ae72f0e129bdb4c4e,2026-01-17T10:05:14.395Z,1937
meta/2007/2007-03.jsonl,meta$200703,5b9211b069c8bccd40d4863afc82eea8b724f436,2026-01-17T10:05:19.639Z,2348
meta/2007/2007-04.jsonl,meta$200704,4ddb64be0594ba78f3c7c98c797c43479726ea63,2026-01-17T10:05:25.002Z,1819
meta/2007/2007-05.jsonl,meta$200705,dbe4594f1244f7f76b83ed1f91e818406484bf5b,2026-01-17T10:05:30.389Z,2239
meta/2007/2007-06.jsonl,meta$200706,935da36c3a5e66be1d4c4979d0f9b3e651b7cf57,2026-01-17T10:05:43.913Z,2340
meta/2007/2007-07.jsonl,meta$200707,ffe452c2949b14fef320fb2bd1531a953ca6d91d,2026-01-17T10:05:51.385Z,2383
meta/2007/2007-08.jsonl,meta$200708,83ba2e0208d968905ec6c2df5d1b154368c5bdd9,2026-01-17T10:05:56.646Z,2210
meta/2007/2007-09.jsonl,meta$200709,412e9e92e2b450a26d581611eda8dd44b97fcc21,2026-01-17T10:06:06.854Z,2985
meta/2007/2007-10.jsonl,meta$200710,1bdb2d41f3e69e6ad9742817876286acafcb352d,2026-01-17T10:06:18.782Z,2459
meta/2007/2007-11.jsonl,meta$200711,5c6ad96f9d36e168a274f5ef6015d0436acd96e6,2026-01-17T10:06:34.819Z,2999
meta/2007/2007-12.jsonl,meta$200712,89d1874af3983d0bcbdf6317d820b87beb2027c1,2026-01-17T10:06:40.366Z,2344
meta/2008/2008-01.jsonl,meta$200801,17ce0a55dea376e15cf1437040183dff7ba61c6d,2026-01-17T10:06:51.737Z,3634
meta/2008/2008-02.jsonl,meta$200802,4aca608bb2a9e9867f4b1ba41581d68ac64c1067,2026-01-17T10:07:05.280Z,3487
meta/2008/2008-03.jsonl,meta$200803,7c1a89a18cb437ac63a29890b9d41993dfdf6d97,2026-01-17T10:07:10.736Z,2359
meta/2008/2008-04.jsonl,meta$200804,f94dced949b6339b90c08c83a352af27c35c625b,2026-01-17T10:07:19.430Z,2868
meta/2008/2008-05.jsonl,meta$200805,4a3275c090b6f28f47e6393121c77416b11242e6,2026-01-17T10:07:32.999Z,2206
meta/2008/2008-06.jsonl,meta$200806,296cdc5c8abd64f3a44c8e1b678a69dcad014400,2026-01-17T10:07:50.043Z,2893
meta/2008/2008-07.jsonl,meta$200807,52481c97823510b5a449621e19984387018a9999,2026-01-17T10:07:59.975Z,2657
meta/2008/2008-08.jsonl,meta$200808,e5d1c7fbe9365494fcb722dc9afdffbe697c0221,2026-01-17T10:08:08.534Z,2264
meta/2008/2008-09.jsonl,meta$200809,ffbada313644f82b7b4f155de6b7c8b166dd12a9,2026-01-17T10:08:13.622Z,199
meta/2008/2008-10.jsonl,meta$200810,2507c7a1fea398537a1dad9262ffcc68e06444f8,2026-01-17T10:08:18.558Z,492
meta/2008/2008-11.jsonl,meta$200811,1f7dceba5ee9393e926b48d4a96e75e8e58edf81,2026-01-17T10:08:31.330Z,1014
meta/2008/2008-12.jsonl,meta$200812,92798d0c8bed6131dcd4573d3ca75df0a5463679,2026-01-17T10:08:42.394Z,1899
meta/2009/2009-01.jsonl,meta$200901,4f426b2377d011e7d5dbbdd1d3ff4505e766f5e4,2026-01-17T10:08:47.604Z,1388
meta/2009/2009-02.jsonl,meta$200902,42b03273908f27d7061b266fce2f846140a0987a,2026-01-17T10:08:53.586Z,2161
meta/2009/2009-03.jsonl,meta$200903,896084a31510bfb405896d3818a9ee5fb3fdf3f9,2026-01-17T10:09:06.718Z,3006
meta/2009/2009-04.jsonl,meta$200904,335e64a7398364e81817e3ea2b7294d2ebd38dd8,2026-01-17T10:09:12.873Z,2996
meta/2009/2009-05.jsonl,meta$200905,153279f47c4814a29c267124228f6b79fed3b23d,2026-01-17T10:09:18.148Z,1762
meta/2009/2009-06.jsonl,meta$200906,f49238bb568c4b6241ca2e435ea8e4c9961998ba,2026-01-17T10:09:23.511Z,3090
meta/2009/2009-07.jsonl,meta$200907,5d9539556c948fceeae52a9a4113f99566c3afac,2026-01-17T10:09:29.095Z,3603
meta/2009/2009-08.jsonl,meta$200908,be72c8f9dc9037f5e645cedf19c37f3027442e3a,2026-01-17T10:09:45.122Z,3397
meta/2009/2009-09.jsonl,meta$200909,57a2978f2aae8d52e5fda4821201348ae1ba0374,2026-01-17T10:09:50.560Z,3869
meta/2009/2009-10.jsonl,meta$200910,474f21fdf69d4de5f464378892c55eb69738e3a5,2026-01-17T10:09:59.775Z,3681
meta/2009/2009-11.jsonl,meta$200911,294b20208072a1d67abfff3956bf2195af13f6aa,2026-01-17T10:10:06.017Z,3553
meta/2009/2009-12.jsonl,meta$200912,f7b0b60f8f3b9c976f291fd5056b295d3e21f3ab,2026-01-17T10:10:21.478Z,9666
meta/2010/2010-01.jsonl,meta$201001,6abb71bb585eae3184cfce55f2f1243eb4152c69,2026-01-17T10:10:27.789Z,6198
meta/2010/2010-02.jsonl,meta$201002,523d78a83d2bb515ea3102913f5d1e5b2cb793e0,2026-01-17T10:10:42.946Z,3052
meta/2010/2010-03.jsonl,meta$201003,9c7d6a7e5f8cfa8222971d0357c1c7f2adc6acfd,2026-01-17T10:10:57.361Z,3395
meta/2010/2010-04.jsonl,meta$201004,7b5d99f90dfcec767f453366eb2789c8c8c1b944,2026-01-17T10:11:15.320Z,3247
meta/2010/2010-05.jsonl,meta$201005,2ffad98bd8b8ff76ab03aed335b21bb981daa1b0,2026-01-17T10:11:25.228Z,2915
meta/2010/2010-06.jsonl,meta$201006,1542f34754d8deb64293bf9ca80bc2edac9225ae,2026-01-17T10:11:31.486Z,4485
meta/2010/2010-07.jsonl,meta$201007,8b1d99207bd3fa98df4ddee1ea64a8a2fa703d91,2026-01-17T10:11:44.007Z,4306
meta/2010/2010-08.jsonl,meta$201008,ac7c5e2b2c874970168eb2daa4cb055d8deb2187,2026-01-17T10:11:56.002Z,4379
meta/2010/2010-09.jsonl,meta$201009,c21656f608c3d0e98bdbbff61073a5063d21abcf,2026-01-17T10:12:05.909Z,3754
meta/2010/2010-10.jsonl,meta$201010,d5ada0cf3e04252bc73a0e44ed1173b9c5adf8fc,2026-01-17T10:12:11.492Z,3833
meta/2010/2010-11.jsonl,meta$201011,5c01b469aa9db78ce61a6b3f506bd630389bb397,2026-01-17T10:12:24.405Z,3873
meta/2010/2010-12.jsonl,meta$201012,1697364eb13e26231d6707067d03adb3264651b3,2026-01-17T10:12:40.772Z,4156
meta/2011/2011-01.jsonl,meta$201101,8d319e18c4394790905c8ca669857f876ad4069b,2026-01-17T10:12:54.920Z,3325
meta/2011/2011-02.jsonl,meta$201102,78a4e97a00d7fe8788cf95111875e5736359f94c,2026-01-17T10:13:07.668Z,2430
meta/2011/2011-03.jsonl,meta$201103,24dad3182d9be05b8bb26bfd03a63c8012b0bada,2026-01-17T10:13:20.882Z,3984
meta/2011/2011-04.jsonl,meta$201104,c5adb1f848d4b7e7f6e037ba68cafa99f8d311ce,2026-01-17T10:13:37.661Z,3787
meta/2011/2011-05.jsonl,meta$201105,a2a9b2d2c9b4bc37ac432ff9377d1ead4da690db,2026-01-17T10:13:54.590Z,4332
meta/2011/2011-06.jsonl,meta$201106,f9cc356d4d64f13afb57d9010099c39be91fa442,2026-01-17T10:14:11.566Z,4501
meta/2011/2011-07.jsonl,meta$201107,d81c5adb1f7e9d9280d1ac8da885e7be74174926,2026-01-17T10:14:17.170Z,4317
meta/2011/2011-08.jsonl,meta$201108,3475552755f65e8532d833a71ad2ec32bb8cd455,2026-01-17T10:14:23.333Z,5573
meta/2011/2011-09.jsonl,meta$201109,67938f51ff71a18b162c4c001d17dbfa788f4349,2026-01-17T10:14:29.536Z,5092
meta/2011/2011-10.jsonl,meta$201110,4aecc591daf0496ee8763c504be99b04822bcc80,2026-01-17T10:14:44.865Z,2784
meta/2011/2011-11.jsonl,meta$201111,e86ac8773a00a162be662fd0ced5c0aaf0ec65ca,2026-01-17T10:14:56.664Z,3847
meta/2011/2011-12.jsonl,meta$201112,89d03f44eb32bb995390aad6f846bbfeec82cf91,2026-01-17T10:15:13.511Z,2691
meta/2012/2012-01.jsonl,meta$201201,24e762c063a28be18c8e1345066018e38f9cfa1c,2026-01-17T10:15:19.877Z,4183
meta/2012/2012-02.jsonl,meta$201202,138d0482ed8abd1b07196eb27ad57c0ce79d28be,2026-01-17T10:15:25.204Z,2070
meta/2012/2012-03.jsonl,meta$201203,571b2f703088c158fe52bd9fe71ac22b188fd429,2026-01-17T10:15:30.688Z,2697
meta/2012/2012-04.jsonl,meta$201204,f2c07bfddfb832775f079afda96253ed9e8d57f7,2026-01-17T10:15:36.036Z,1928
meta/2012/2012-05.jsonl,meta$201205,813d9220e7b096921b12718673bf0a5a823ad3ac,2026-01-17T10:15:51.708Z,4059
meta/2012/2012-06.jsonl,meta$201206,698defaed0d2f7216c9370113d5276a8c1b39484,2026-01-17T10:15:57.039Z,4072
meta/2012/2012-07.jsonl,meta$201207,2cab0368a54b90eefbe615d354d10df7bb262dc3,2026-01-17T10:16:03.182Z,4143
meta/2012/2012-08.jsonl,meta$201208,13fc75a73c82f5f7b4108b1956336fcf8e201ccf,2026-01-17T10:16:08.620Z,3455
meta/2012/2012-09.jsonl,meta$201209,843dd924954253acd7b97e774844d58f4724a827,2026-01-17T10:16:13.947Z,2958
meta/2012/2012-10.jsonl,meta$201210,38257abeb3ab08fc6cff0862536a299235aef9be,2026-01-17T10:16:29.224Z,3776
meta/2012/2012-11.jsonl,meta$201211,4cdd595f25b6f41e042975d2280dd17fd4de8f2b,2026-01-17T10:16:34.623Z,5467
meta/2012/2012-12.jsonl,meta$201212,dc2cef8bc98b6bb23c62b3d6218e370e8ecec3e0,2026-01-17T10:16:40.082Z,3223
meta/2013/2013-01.jsonl,meta$201301,6ad6f6d53b0f78538e659c847af2c1337d619991,2026-01-17T10:16:45.403Z,3186
meta/2013/2013-02.jsonl,meta$201302,bffaf4e78f20e065f03963566c86441c5a63a65d,2026-01-17T10:16:51.548Z,2585
meta/2013/2013-03.jsonl,meta$201303,56d3ee8cbfd5f2d496ed66848eb49373ffa68aeb,2026-01-17T10:16:56.891Z,2992
meta/2013/2013-04.jsonl,meta$201304,be3a4efeebb5d3427c1df9c209eb113f5c17de3c,2026-01-17T10:17:14.151Z,3129
meta/2013/2013-05.jsonl,meta$201305,7a95c8963bc51b403e6178a21e86388560a628dc,2026-01-17T10:17:29.383Z,3344
meta/2013/2013-06.jsonl,meta$201306,5d68b43164d2ccdf80b390497189f529275495a7,2026-01-17T10:17:46.583Z,2358
meta/2013/2013-07.jsonl,meta$201307,75f4d225e57adaac78b30f777d2276aa2782011b,2026-01-17T10:17:56.591Z,3618
meta/2013/2013-08.jsonl,meta$201308,4f172e1ef633dd42e38a3840e0f26ae1e927c8c3,2026-01-17T10:18:09.881Z,3695
meta/2013/2013-09.jsonl,meta$201309,a0e4febb0a62a499a60669fecf5623a4e1f8fea6,2026-01-17T10:18:27.217Z,2967
meta/2013/2013-10.jsonl,meta$201310,b84661f6b4f7d3cf776e007443fcc343b5cf4b81,2026-09-13T17:05:04.666Z,3548
meta/2013/2013-11.jsonl,meta$201311,d10794167c1b9617987e2487f77cf60c3148f9ad,2026-09-13T17:05:10.336Z,2818
meta/2013/2013-12.jsonl,meta$201312,a12d7be6637eff4acc05f13d5d6bbcb263ab6ddf,2026-01-17T10:19:01.139Z,2910
meta/2014/2014-01.jsonl,meta$201401,1a76d1a94833062e4435364235ab9821cfa66459,2026-09-13T17:05:15.481Z,2569
meta/2014/2014-02.jsonl,meta$201402,126aec2e55bc8565f41ebc734255ab3f6f41ab5f,2026-01-17T10:19:22.513Z,2767
meta/2014/2014-03.jsonl,meta$201403,b9a98b9d5638d77d03f0a00b157d90445c868659,2026-01-17T10:19:35.516Z,2156
meta/2014/2014-04.jsonl,meta$201404,cbb3b545319efeffc8e690ce31b34c2c7a791451,2026-09-13T17:05:20.476Z,2805
meta/2014/2014-05.jsonl,meta$201405,66539af5e8f2b845a5161368c08b24974a36e2d7,2026-01-17T10:20:03.277Z,3233
meta/2014/2014-06.jsonl,meta$201406,32baa45f4fbd1b1b132d9b0746e896270f231259,2026-01-17T10:20:17.573Z,2852
meta/2014/2014-07.jsonl,meta$201407,e5fd0b48b3dc22a728bd7b9df37f7617d3ba8cc1,2026-01-17T10:20:23.870Z,3226
meta/2014/2014-08.jsonl,meta$201408,20bb9c5c4a1bf7c53c8b370b15ce56f9278c0ce9,2026-01-17T10:20:29.214Z,2391
meta/2014/2014-09.jsonl,meta$201409,2f61479c08cb8f91c0d19307940317630d327d13,2026-09-13T17:05:35.016Z,3181
meta/2014/2014-10.jsonl,meta$201410,8d1bf5411d2d507299dac5ffeb1daa86ee4762f1,2026-09-13T17:05:49.170Z,3195
meta/2014/2014-11.jsonl,meta$201411,ebe31f8061e1ba0c6049542f4c2373f6210e3482,2026-09-13T17:05:56.719Z,2810
meta/2014/2014-12.jsonl,meta$201412,07dd31472d5214cb33165a9a332283b49a78d2dd,2026-01-17T10:21:10.948Z,3207
meta/2015/2015-01.jsonl,meta$201501,5c0bf5283d1eb782c56442308a9d37d924ee421b,2026-01-17T10:21:19.640Z,1989
meta/2015/2015-02.jsonl,meta$201502,e73034648af00fc137b4d1b289c542cd90e442c9,2026-01-17T10:21:37.026Z,2144
meta/2015/2015-03.jsonl,meta$201503,a977479c0a1de026549bfd69a581baac495265e5,2026-01-17T10:21:46.313Z,2127
meta/2015/2015-04.jsonl,meta$201504,4f86a83b9902aadf36068d6932304fac2b99b9c9,2026-01-17T10:21:55.804Z,2202
meta/2015/2015-05.jsonl,meta$201505,7ffc844abe127204d40f8ef97e66487112f5fe49,2026-09-13T17:06:07.497Z,2324
meta/2015/2015-06.jsonl,meta$201506,1ea028ac0daea8c5d8879bb5168462d161e8658f,2026-01-17T10:22:09.140Z,3155
meta/2015/2015-07.jsonl,meta$201507,5745bf18f442595bd76184384c8b2192dca190a7,2026-01-17T10:22:15.356Z,3011
meta/2015/2015-08.jsonl,meta$201508,313bd9052995e26be1623a194c51824bd5f2000b,2026-01-17T10:22:31.022Z,2502
meta/2015/2015-09.jsonl,meta$201509,06f74cb6a34c9e5c0dbf2b7000b3a72d73914a7c,2026-01-17T10:22:45.820Z,3642
meta/2015/2015-10.jsonl,meta$201510,6240acc36970c237f4d3204d549c821ce191955e,2026-01-17T10:22:51.288Z,3412
meta/2015/2015-11.jsonl,meta$201511,1387b5308a483b0abd826c9826786a908c15e6bf,2026-01-17T10:23:05.368Z,2423
meta/2015/2015-12.jsonl,meta$201512,c27bc30e60caf5ad6b2fda0e328d9dc2af69c53c,2026-01-17T10:23:10.857Z,2520
meta/2016/2016-01.jsonl,meta$201601,d406341416ca185365e30ec269323cb8decd19d0,2026-01-17T10:23:22.848Z,2148
meta/2016/2016-02.jsonl,meta$201602,cfca1ec926a6db9e2dc98e7a89052df9e78ac259,2026-01-17T10:23:28.193Z,2089
meta/2016/2016-03.jsonl,meta$201603,033473414d8263f15277e718e46c4e8b4a2e9e64,2026-01-17T10:23:43.628Z,2581
meta/2016/2016-04.jsonl,meta$201604,e595bdf93b42368873c425254608c99ec79eeee0,2026-01-17T10:23:48.968Z,1977
meta/2016/2016-05.jsonl,meta$201605,8e4681bde17ad807a7e4a0273e7a11e7366f402c,2026-01-17T10:23:54.239Z,2955
meta/2016/2016-06.jsonl,meta$201606,34dc5649a08b3f44ac4a95840a10535e820e8ca7,2026-01-17T10:24:06.435Z,2155
meta/2016/2016-07.jsonl,meta$201607,7a644538383d06f5b395cd0b9ab6d3e0cb8788ab,2026-01-17T10:24:11.791Z,1940
meta/2016/2016-08.jsonl,meta$201608,cb6661f71f96c78b28a54d3acfb5a50703445ba7,2026-01-17T10:24:17.253Z,2602
meta/2016/2016-09.jsonl,meta$201609,50ebb6d1227e252c5c2c4608bda7a57613d3c8ce,2026-01-17T10:24:31.718Z,3102
meta/2016/2016-10.jsonl,meta$201610,a69cd8b616ade4a60fa3a867f9c1f80e93ce3682,2026-01-17T10:24:37.959Z,3029
meta/2016/2016-11.jsonl,meta$201611,1902039951cd67acde5bf97c4f53c938cc96f55c,2026-01-17T10:24:55.470Z,3833
meta/2016/2016-12.jsonl,meta$201612,279891aca9a7eab7d9caee9d35b9fad04cef5d4f,2026-01-17T10:25:04.342Z,3074
meta/2017/2017-01.jsonl,meta$201701,03c72e236f9a5cfc2b23e302e0322bfa616cb828,2026-01-17T10:25:21.769Z,2240
meta/2017/2017-02.jsonl,meta$201702,e9b5e52cd2e5beec5d268fa4b13bab907b7db005,2026-01-17T10:25:30.229Z,2351
meta/2017/2017-03.jsonl,meta$201703,3ce5a8c2026e527edc19cd3be3002276d93b5aec,2026-09-13T17:06:20.423Z,2490
meta/2017/2017-04.jsonl,meta$201704,96a2efb60a329fb11b3e407d99677b288d88350d,2026-01-17T10:25:50.661Z,1982
meta/2017/2017-05.jsonl,meta$201705,2c0555f23cd1a76bc4eab92b60e3e92c80e703de,2026-01-17T10:26:08.202Z,2605
meta/2017/2017-06.jsonl,meta$201706,df3e56b33d0d93d22bfca91cc4d586a88dbe4c9a,2026-09-13T17:06:32.353Z,2102
meta/2017/2017-07.jsonl,meta$201707,56c9fa350b5ac88460c8c59cd9e3073ca706bebe,2026-01-17T10:26:24.168Z,2071
meta/2017/2017-08.jsonl,meta$201708,c8fd4d0d2703a4de9ddb788943811367e5faf19b,2026-09-13T17:06:41.777Z,3632
meta/2017/2017-09.jsonl,meta$201709,5270a763fc9965d658107893dd220efc6851b25e,2026-01-17T10:26:54.339Z,2377
meta/2017/2017-10.jsonl,meta$201710,489ab04297aa0e12e2955c20189bb58460a67dca,2026-01-17T10:27:06.477Z,3455
meta/2017/2017-11.jsonl,meta$201711,bcb0c8076c4cf973b2c221a1d0a70d53fbc9d6d0,2026-09-13T17:06:46.966Z,2653
meta/2017/2017-12.jsonl,meta$201712,77930c99c75c9a0e5bf2a86e59fc8bef1e507cf5,2026-09-13T17:06:56.376Z,2544
meta/2018/2018-01.jsonl,meta$201801,ecf0eb88d051101fa570c4f640a739970e51a45b,2026-09-13T17:07:10.320Z,2097
meta/2018/2018-02.jsonl,meta$201802,b5fa5ff669fa642766c96d83dcf06d620585584b,2026-01-17T10:27:46.430Z,2098
meta/2018/2018-03.jsonl,meta$201803,e3fb80b949f954efb7b8d91b6ce47376b35fa6ee,2026-01-17T10:27:51.787Z,2164
meta/2018/2018-04.jsonl,meta$201804,2aaf982c6be7b5c507b4e72598b49cf92edddf93,2026-01-17T10:27:58.021Z,2247
meta/2018/2018-05.jsonl,meta$201805,2bb90787f1fd7ab918fec47f19155b7a3c2eb595,2026-09-13T17:07:24.241Z,2653
meta/2018/2018-06.jsonl,meta$201806,21c5d911b271c2a2c40b5c45ee7cd280e4f27d3a,2026-01-17T10:28:19.580Z,2075
meta/2018/2018-07.jsonl,meta$201807,96aefe0dd96d78a6b7e867d7f474a62eaf1731a1,2026-09-13T17:07:35.277Z,2110
meta/2018/2018-08.jsonl,meta$201808,66610dd5854c8c13b5fd04b804e992726d3c5d62,2026-09-13T17:07:42.574Z,2331
meta/2018/2018-09.jsonl,meta$201809,d5d1e8f3ced7a0e8f7f0aa0f6fe9214187ed9fb3,2026-01-17T10:28:57.688Z,2009
meta/2018/2018-10.jsonl,meta$201810,d7f5ae74f7d0e70fc2a7231caf3cba7f66ffd7e7,2026-01-17T10:29:07.910Z,2105
meta/2018/2018-11.jsonl,meta$201811,90b42a10cdd24b4424f22a13e329a936975c3900,2026-01-17T10:29:18.972Z,2250
meta/2018/2018-12.jsonl,meta$201812,7470eb3ec3682e2bddb183b24a5cec99440da7b3,2026-01-17T10:29:31.164Z,1900
meta/2019/2019-01.jsonl,meta$201901,35705611d292114463515eecb02bb9890296d9d4,2026-01-17T10:29:37.298Z,2216
meta/2019/2019-02.jsonl,meta$201902,86dc72df4910c5a7fbfef06c5851bf179f6e50bd,2026-01-17T10:29:46.330Z,2075
meta/2019/2019-03.jsonl,meta$201903,24bfabea5c943b4df7333a2afba44172b753656a,2026-01-17T10:29:57.739Z,2261
meta/2019/2019-04.jsonl,meta$201904,779bb4d5eb7689a06821719ef48f7e6a951e8e84,2026-01-17T10:30:14.427Z,2352
meta/2019/2019-05.jsonl,meta$201905,1f6b79ffc8dbc8f401b56f82f6274ef1bfed6aa2,2026-01-17T10:30:28.406Z,2575
meta/2019/2019-06.jsonl,meta$201906,cdb3bf2240f4b853e5f25a863580bfe0ebfec30f,2026-01-17T10:30:40.255Z,2066
meta/2019/2019-07.jsonl,meta$201907,65f769f7ba6496eafa087391c8559fc2c26a69e3,2026-01-17T10:30:48.279Z,2454
meta/2019/2019-08.jsonl,meta$201908,f25106e15a14bc3d19822abc9167977b71d3a7a7,2026-01-17T10:30:53.617Z,2238
meta/2019/2019-09.jsonl,meta$201909,a2338aaa7eae8da70d63a49f86030dbac91b8a0c,2026-01-17T10:30:58.895Z,2079
meta/2019/2019-10.jsonl,meta$201910,59045378e7a3b0a75a6e0660c236892543310859,2026-09-13T17:07:54.016Z,2390
meta/2019/2019-11.jsonl,meta$201911,24c3dffef0123889b2782f0cdc98456475787985,2026-01-17T10:31:18.793Z,2430
meta/2019/2019-12.jsonl,meta$201912,c4641d5f74ecf45fe3248c9a2bf71429fbbc704e,2026-01-17T10:31:33.553Z,2052
meta/2020/2020-01.jsonl,meta$202001,a4c0b31831b3ef7f90cf8504c3168d2c2840180c,2026-09-13T17:08:06.817Z,2841
meta/2020/2020-02.jsonl,meta$202002,7f4c348da4607018c94c2e0f862fc631aed3fc8e,2026-01-17T10:31:50.765Z,2440
meta/2020/2020-03.jsonl,meta$202003,201ebd493c40e8c8762100000a4335c82e6c0eff,2026-01-17T10:31:58.327Z,2775
meta/2020/2020-04.jsonl,meta$202004,840d30eb392380a81b0ff4e62ead6625e5730728,2026-09-13T17:08:21.351Z,2099
meta/2020/2020-05.jsonl,meta$202005,446cba3d087d427d05424df49f070552c4bb80d1,2026-01-17T10:32:11.715Z,1641
meta/2020/2020-06.jsonl,meta$202006,36656e2b48791218a01f32f04035e283c9f1632a,2026-01-17T10:32:17.934Z,2270
meta/2020/2020-07.jsonl,meta$202007,3d68c92b5aa86c7c56e7c0cd467c7d46f3a0ae2b,2026-01-17T10:32:27.869Z,1852
meta/2020/2020-08.jsonl,meta$202008,0e393dd02bb9984db70bea4ffdb428100f6c022c,2026-01-17T10:32:44.802Z,2302
meta/2020/2020-09.jsonl,meta$202009,e4246c1d923598ead8a5b8f06cd119c52bca4202,2026-01-17T10:32:57.834Z,3466
meta/2020/2020-10.jsonl,meta$202010,3ba030c451365c1adffee0c693d6722534c5eefa,2026-01-17T10:33:03.303Z,2853
meta/2020/2020-11.jsonl,meta$202011,1c4ea4285237df5c4d68ce2d7942fd3809741319,2026-01-17T10:33:17.914Z,2644
meta/2020/2020-12.jsonl,meta$202012,00e5fcc420c4c00c7a43bf19ee68b1ec69f94f78,2026-01-17T10:33:24.120Z,3288
meta/2021/2021-01.jsonl,meta$202101,93513c1f8fe12ae7a580634e5e0d83bbf8b6f164,2026-01-17T10:33:35.905Z,2311
meta/2021/2021-02.jsonl,meta$202102,f563f41dc1010f5412ad28554158d4653e0f4030,2026-01-17T10:33:51.589Z,1951
meta/2021/2021-03.jsonl,meta$202103,dc969080130c06396e1eca04e027ff7bc9eac696,2026-01-17T10:33:57.485Z,2024
meta/2021/2021-04.jsonl,meta$202104,502db4578e58872f9b062946b743dc7bcee8a840,2026-01-17T10:34:03.632Z,1390
meta/2021/2021-05.jsonl,meta$202105,2e51ad9213976840cf30876e1a56291b9df150db,2026-01-17T10:34:09.742Z,2627
meta/2021/2021-06.jsonl,meta$202106,2b100c8f9e58c4ac759ab920a730cda525b68ce0,2026-01-17T10:34:25.782Z,2986
meta/2021/2021-07.jsonl,meta$202107,c69d08efa0ca414ae7a675991784fd5e4352a2d6,2026-01-17T10:34:31.981Z,3290
meta/2021/2021-08.jsonl,meta$202108,6f6d0431400635f4f163b3b51eafafb0ec7f5eba,2026-01-17T10:34:37.355Z,2487
meta/2021/2021-09.jsonl,meta$202109,9beec41b4d8e693f1f1bdcddbbb711a4f1d3ab9f,2026-01-17T10:34:43.432Z,5023
meta/2021/2021-10.jsonl,meta$202110,3ef9efffa03dde52064aa918eb4055330f4f7c0a,2026-01-17T10:34:48.763Z,2257
meta/2021/2021-11.jsonl,meta$202111,f0c3a3d87aa8542de547f8f873c2c640a89d983b,2026-01-17T10:35:00.256Z,2359
meta/2021/2021-12.jsonl,meta$202112,ca73d0036607d1e63c6d1e10d63fb0c7a6521424,2026-01-17T10:35:09.104Z,2651
meta/2022/2022-01.jsonl,meta$202201,b0cf19951599175b05819f47c497df0665703258,2026-01-17T10:35:20.578Z,2445
meta/2022/2022-02.jsonl,meta$202202,37220d247eba36b5532846fdbd6ace64fb346b8a,2026-01-17T10:35:26.029Z,3205
meta/2022/2022-03.jsonl,meta$202203,28b84e7f1ed13ce627fc52146423919ce68b4504,2026-01-17T10:35:43.625Z,3575
meta/2022/2022-04.jsonl,meta$202204,c6ca0132f20ceedb3d56cb001e4643f92bd3be04,2026-01-17T10:35:48.970Z,1746
meta/2022/2022-05.jsonl,meta$202205,67365633bc051f59670e6dcdb1abe0dde2227b26,2026-01-17T10:35:54.351Z,2279
meta/2022/2022-06.jsonl,meta$202206,a3491d7afeb5a45a19a944b07561b96eb6276daf,2026-01-17T10:36:07.073Z,2836
meta/2022/2022-07.jsonl,meta$202207,05e9b06a41542f4bd275aa42748a9ab28b40995c,2026-01-17T10:36:12.412Z,1993
meta/2022/2022-08.jsonl,meta$202208,c29d69005fabdb204b593a4cff917ddf4912cf05,2026-01-17T10:36:22.444Z,2596
meta/2022/2022-09.jsonl,meta$202209,b4db64e3fb60e2f1a2c0c8583e7802605b00434d,2026-01-17T10:36:40.167Z,3092
meta/2022/2022-10.jsonl,meta$202210,d30dd4603ca36752dbe461732dda48bc9ba74845,2026-01-17T10:36:55.875Z,2459
meta/2022/2022-11.jsonl,meta$202211,144d0003ca648db6be6047c96f156cb1408955b2,2026-01-17T10:37:01.577Z,2500
meta/2022/2022-12.jsonl,meta$202212,cfd9082a75b646d6e47df9090efa3ebded3344aa,2026-01-17T10:37:11.816Z,2937
meta/2023/2023-01.jsonl,meta$202301,0ec60ff5a4c2d18afa2d56b36e983f78030a2835,2026-01-17T10:37:17.281Z,2524
meta/2023/2023-02.jsonl,meta$202302,2bc8a361aab1a67b416946e1382c2a62e8f8e55a,2026-01-17T10:37:22.859Z,2781
meta/2023/2023-03.jsonl,meta$202303,3fee21511a7dda437548c192829d1d6972b7b369,2026-01-17T10:37:34.160Z,2941
meta/2023/2023-04.jsonl,meta$202304,6e7b941ae1b1e72ca804aef95cd4f511dd986160,2026-01-17T10:37:39.486Z,2177
meta/2023/2023-05.jsonl,meta$202305,359fceb595d570cf050100431fe09a1c332e3213,2026-01-17T10:37:44.593Z,2752
meta/2023/2023-06.jsonl,meta$202306,e596990298e1ac5b4aea96cf97ae590351cf92ef,2026-01-17T10:37:59.343Z,3233
meta/2023/2023-07.jsonl,meta$202307,0974f67d912c85e81e8736b962e0ac18e2b6053a,2026-01-17T10:38:14.908Z,2910
meta/2023/2023-08.jsonl,meta$202308,757994580310fcc412187d1f1f6e54274a6715f6,2026-01-17T10:38:29.001Z,3205
meta/2023/2023-09.jsonl,meta$202309,acdd2c7031423c12222f5b76a834db28a5520b9c,2026-01-17T10:38:34.316Z,2847
meta/2023/2023-10.jsonl,meta$202310,161170645c2ee6dac6effe39a397f55be36ce7b3,2026-01-17T10:38:39.529Z,3096
meta/2023/2023-11.jsonl,meta$202311,9f6b6d02012868fb8cc28c8156c98bf8b5296177,2026-01-17T10:38:50.017Z,4343
meta/2023/2023-12.jsonl,meta$202312,d20655ab2e058931b0cf935ed247e5c19a723932,2026-01-17T10:39:03.605Z,2494
meta/2024/2024-01.jsonl,meta$202401,8a4a0106ef6bfe71e7ef99958ed55acad5384bec,2026-01-17T10:39:12.394Z,3206
meta/2024/2024-02.jsonl,meta$202402,2766c1ae28371f0d79e9d6f5066a3f215a4c4cd2,2026-01-17T10:39:17.832Z,2656
meta/2024/2024-03.jsonl,meta$202403,4132c51937c4bf52793c9878470912e54a369208,2026-01-17T10:39:23.277Z,2557
meta/2024/2024-04.jsonl,meta$202404,4da9f0a8c00bd4e2a2f4ef7e8b25e5b84570e506,2026-01-17T10:39:28.885Z,2688
meta/2024/2024-05.jsonl,meta$202405,03d21ad700aa40ee513e47ae506f44651d686485,2026-01-17T10:39:34.339Z,2968
meta/2024/2024-06.jsonl,meta$202406,837c4ac1734ee5001307f9fcd61022a94996204c,2026-01-17T10:39:39.787Z,3562
meta/2024/2024-07.jsonl,meta$202407,b3ea23a184a910edcc7ddee470d422d7a0f376c5,2026-01-17T10:39:45.162Z,4060
meta/2024/2024-08.jsonl,meta$202408,1c629088fe7d7b33c1b338bf6c9ec855c8869fea,2026-01-17T10:39:56.798Z,3648
meta/2024/2024-09.jsonl,meta$202409,b1ec6dff5bf20ba26cbe91d860fdfb0a80623eb0,2026-01-17T10:40:02.219Z,3595
meta/2024/2024-10.jsonl,meta$202410,6eb6188eecf93b229ed2c323bc04198b427b1f89,2026-01-17T10:40:07.544Z,3387
meta/2024/2024-11.jsonl,meta$202411,7f26b444c17db33d90c5d964d666e49c4d20122f,2026-01-17T10:40:13.761Z,3281
meta/2024/2024-12.jsonl,meta$202412,27ffff167795d584017fc5c73678dc2bfa7dd84e,2026-01-17T10:40:19.105Z,3256
meta/2025/2025-01.jsonl,meta$202501,52e81822f28f8de5bad5c1cd6cb80e7d6434e95e,2026-01-17T10:40:25.385Z,4385
meta/2025/2025-02.jsonl,meta$202502,abe7ada471095430dc3a9365d538c99b586b0936,2026-01-17T10:40:31.529Z,4506
meta/2025/2025-03.jsonl,meta$202503,822cfe9f677469af82e2f423af89160cc89ae631,2026-01-17T10:40:42.889Z,5309
meta/2025/2025-04.jsonl,meta$202504,9026aaf8ddc263800b237f66ac064610784e84c6,2026-01-17T10:40:49.015Z,3396
meta/2025/2025-05.jsonl,meta$202505,0dde06a99244010882b5c9ce86103479d7ff3c5e,2026-01-17T10:40:58.459Z,3485
meta/2025/2025-06.jsonl,meta$202506,0d64391460d91e5466ac5ed209c4e0bf3cc0878c,2026-01-17T10:41:03.831Z,3685
meta/2025/2025-07.jsonl,meta$202507,ad82e289797745786eff04c45d5dc7691a4eadb9,2026-01-17T10:41:09.901Z,4113
meta/2025/2025-08.jsonl,meta$202508,59af8d65ae830147da88c89f6ac66d0c6de0204d,2026-01-17T10:41:15.417Z,3660
meta/2025/2025-09.jsonl,meta$202509,e74d19f8c5d3e69ae8913f1502d34985a88dc6d6,2026-01-17T10:41:23.025Z,3851
meta/2025/2025-10.jsonl,meta$202510,49ce4866739e75bd5fac11ea0c441064a74b7d82,2026-01-17T10:41:29.069Z,4684
meta/2025/2025-11.jsonl,meta$202511,86a9bffba157f20ff0abfb45065e230ce2a30209,2026-01-17T10:41:42.296Z,4064
meta/2025/2025-12.jsonl,meta$202512,de404a196b28a1fdaa192492790754586c31b737,2026-01-17T10:41:47.825Z,3989
meta/2026/2026-01.jsonl,meta$202601,93b75f6cddb63fdb3304ea17667cf2c97a53ef98,2026-01-30T17:12:49.194Z,4492
ocr/iapp/2015/2015-01.jsonl,ocr_iapp$201501,db3ac2ed27d32c68c4c1ce5c8ab75583a05dafcb,2026-01-17T10:42:09.656Z,1989
ocr/iapp/2015/2015-02.jsonl,ocr_iapp$201502,ba9516dcea0418a0195e1c4f186f7172ee8df836,2026-01-17T10:42:16.186Z,2144
ocr/iapp/2015/2015-03.jsonl,ocr_iapp$201503,e670c9516d45cecf94c18e2cc7ff65c3f0f34066,2026-01-17T10:42:26.633Z,2127
ocr/iapp/2015/2015-04.jsonl,ocr_iapp$201504,2f35be7c420395db545c03bfdce2b6a0e36f3ad5,2026-01-17T10:42:33.146Z,2202
ocr/iapp/2015/2015-05.jsonl,ocr_iapp$201505,87f1a31c9ecb69a7c807b6a93fc83ce4c1d4c294,2026-01-17T10:42:50.713Z,2324
ocr/iapp/2015/2015-06.jsonl,ocr_iapp$201506,96dd81089fa919dc877683bc3c0d5f0817d2adca,2026-01-17T10:42:58.105Z,3155
ocr/iapp/2015/2015-07.jsonl,ocr_iapp$201507,ba58b93b129969f99e5e2ca2dd0484ebffc9f354,2026-01-17T10:43:05.130Z,3011
ocr/iapp/2015/2015-08.jsonl,ocr_iapp$201508,32e8b15fa7baa6f68acadbdcb3ab2e404fda5b75,2026-01-17T10:43:23.984Z,2502
ocr/iapp/2015/2015-09.jsonl,ocr_iapp$201509,144de3359a5279a56199917b631c7b5fc5735dd9,2026-01-17T10:43:31.021Z,3642
ocr/iapp/2015/2015-10.jsonl,ocr_iapp$201510,9b066ee4866acb53868feb747e723bec4cd121b3,2026-01-17T10:43:37.921Z,3412
ocr/iapp/2015/2015-11.jsonl,ocr_iapp$201511,189ea6749b8054a1871f5b000704e15c334dcf5e,2026-01-17T10:43:53.218Z,2423
ocr/iapp/2015/2015-12.jsonl,ocr_iapp$201512,3427284126bcf21411d3ceda458e7a7f21f161df,2026-01-17T10:44:00.130Z,2520
ocr/iapp/2016/2016-01.jsonl,ocr_iapp$201601,5d86684b37be0961a067ac1f4c11fec672910866,2026-01-17T10:44:06.687Z,2148
ocr/iapp/2016/2016-02.jsonl,ocr_iapp$201602,382260346cbd171fc1ec24635cb76747ea7673f3,2026-01-17T10:44:21.989Z,2089
ocr/iapp/2016/2016-03.jsonl,ocr_iapp$201603,83f5894a533edebb4a78d7614b0c63463df848c2,2026-01-17T10:44:29.022Z,2581
ocr/iapp/2016/2016-04.jsonl,ocr_iapp$201604,344df95416277b3ab4785622caf194ae76278531,2026-01-17T10:44:35.633Z,1977
ocr/iapp/2016/2016-05.jsonl,ocr_iapp$201605,e704264bfa317a816efe676ef2ea6be30b2a1c9d,2026-01-17T10:44:42.956Z,2955
ocr/iapp/2016/2016-06.jsonl,ocr_iapp$201606,7795414b89fd65149a1cfb4e2ba8b24fe0647373,2026-01-17T10:44:54.723Z,2155
ocr/iapp/2016/2016-07.jsonl,ocr_iapp$201607,a455530152b3c5ee262d5b076301c519aca25256,2026-01-17T10:45:01.485Z,1940
ocr/iapp/2016/2016-08.jsonl,ocr_iapp$201608,7cd5ca1cdcf2fd895d846da6a24dbfb03db1d462,2026-01-17T10:45:08.080Z,2602
ocr/iapp/2016/2016-09.jsonl,ocr_iapp$201609,fc335979dbf446c56a36a389bb9a471245504a9b,2026-01-17T10:45:26.868Z,3102
ocr/iapp/2016/2016-10.jsonl,ocr_iapp$201610,eef41e6c7f3f4bd482335b7e01a4e02d8ba1fb00,2026-01-17T10:45:33.900Z,3029
ocr/iapp/2016/2016-11.jsonl,ocr_iapp$201611,8385dbbb0f02899a36df319a0be8a055eb06a51f,2026-01-17T10:45:44.164Z,3833
ocr/iapp/2016/2016-12.jsonl,ocr_iapp$201612,2a0432d257e90fb64356f1f78322daf82aa9413a,2026-01-17T10:45:51.065Z,3074
ocr/iapp/2017/2017-01.jsonl,ocr_iapp$201701,d4b77ce7a654d71bcdf38bb845eb960c4481fa00,2026-01-17T10:45:58.089Z,2240
ocr/iapp/2017/2017-02.jsonl,ocr_iapp$201702,f3a286d2a7321c539b6e40c38606f3b9712afe07,2026-01-17T10:46:05.011Z,2351
ocr/iapp/2017/2017-03.jsonl,ocr_iapp$201703,98d7d4ca68aa1a6890446f91197683058c52fdc7,2026-01-17T10:46:11.714Z,2490
ocr/iapp/2017/2017-04.jsonl,ocr_iapp$201704,3d31c30c3d51e7ad727f56ff6a5467c5313239e9,2026-01-17T10:46:25.782Z,1982
ocr/iapp/2017/2017-05.jsonl,ocr_iapp$201705,1f63a95fd2f7a0caf0422abe0b12d27ae9b6e4aa,2026-01-17T10:46:32.511Z,2605
ocr/iapp/2017/2017-06.jsonl,ocr_iapp$201706,50a1a3a5af6a7b8ba8792fc0d7b865cdac3611ca,2026-01-17T10:46:39.421Z,2102
ocr/iapp/2017/2017-07.jsonl,ocr_iapp$201707,8759c1fc038d539e1d6ecf7a2b9ea8a6b3e192c7,2026-01-17T10:46:45.716Z,2071
ocr/iapp/2017/2017-08.jsonl,ocr_iapp$201708,186a969a7cc4a153c61610d1967f71e982057089,2026-01-17T10:46:53.556Z,3632
ocr/iapp/2017/2017-09.jsonl,ocr_iapp$201709,01e37a7bb6b9ee9a9e9284e5d85a20b462391092,2026-01-17T10:47:00.597Z,2377
ocr/iapp/2017/2017-10.jsonl,ocr_iapp$201710,d5fb20613dd06cdd824f49495826c0e5aa42fb2e,2026-01-17T10:47:07.644Z,3455
ocr/iapp/2017/2017-11.jsonl,ocr_iapp$201711,9e155775f0523cd57c024bd689e92a190dd4d40e,2026-01-17T10:47:14.591Z,2653
ocr/iapp/2017/2017-12.jsonl,ocr_iapp$201712,5f0731226d390c55832b55a3be386cd0257cfaea,2026-01-17T10:47:21.396Z,2544
ocr/iapp/2018/2018-01.jsonl,ocr_iapp$201801,22fb2e234fb89115bf9c981a46c38b908faed910,2026-01-17T10:47:28.158Z,2097
ocr/iapp/2018/2018-02.jsonl,ocr_iapp$201802,0af5eb4c13c18a3e093d9e95d30d7d2abdc755f0,2026-01-17T10:47:37.923Z,2098
ocr/iapp/2018/2018-03.jsonl,ocr_iapp$201803,d7f044756b195263bd2f919a1d5d60fe9f4ba2d5,2026-01-17T10:47:44.797Z,2164
ocr/iapp/2018/2018-04.jsonl,ocr_iapp$201804,2d39cb115d231c35d40360299906ef23fe3aa200,2026-01-17T10:47:58.367Z,2247
ocr/iapp/2018/2018-05.jsonl,ocr_iapp$201805,d79d0b5c8bbbd16598245728547d0aa343a91c83,2026-01-17T10:48:05.365Z,2653
ocr/iapp/2018/2018-06.jsonl,ocr_iapp$201806,ff35608051ae1822488e0198d9c2a755aa4d04ea,2026-01-17T10:48:11.934Z,2075
ocr/iapp/2018/2018-07.jsonl,ocr_iapp$201807,cec8e157dc249585ee9e847800c817c102f78201,2026-01-17T10:48:23.793Z,2110
ocr/iapp/2018/2018-08.jsonl,ocr_iapp$201808,3ac0486b2bb80a943635a10687c02173c9d4a6fa,2026-01-17T10:48:30.198Z,2331
ocr/iapp/2018/2018-09.jsonl,ocr_iapp$201809,0d358332e243d5206f93463a9aad82285e3ca9be,2026-01-17T10:48:35.614Z,2009
ocr/iapp/2018/2018-10.jsonl,ocr_iapp$201810,dd6063f48d1a287a7bb816a1650020b5783b7dc9,2026-01-17T10:48:41.990Z,2105
ocr/iapp/2018/2018-11.jsonl,ocr_iapp$201811,be12dc1c2477f6dfb99052e21af6c0128b4a497d,2026-01-17T10:48:48.215Z,2250
ocr/iapp/2018/2018-12.jsonl,ocr_iapp$201812,50d1094e200bacf6e33a48e44a5dbde98920584e,2026-01-17T10:48:54.221Z,1900
ocr/iapp/2019/2019-01.jsonl,ocr_iapp$201901,27119dd40da255d54495c931ddfbd7538d309e0b,2026-01-17T10:49:00.565Z,1821
ocr/iapp/2019/2019-02.jsonl,ocr_iapp$201902,052ff66348d687f69827aad3dbb4c8c2249ccf8b,2026-01-17T10:49:07.026Z,1584
ocr/iapp/2019/2019-03.jsonl,ocr_iapp$201903,39c123cef41f71f815845643698357474956b0a4,2026-01-17T10:49:13.341Z,1763
ocr/iapp/2019/2019-04.jsonl,ocr_iapp$201904,38b36c80f0102d7d9d6e607978cba029fc383722,2026-01-17T10:49:29.637Z,1894
ocr/iapp/2019/2019-05.jsonl,ocr_iapp$201905,dad9a44046b90b3da089bd44ddf0cef698ad7e01,2026-01-17T10:49:46.562Z,1921
ocr/iapp/2019/2019-06.jsonl,ocr_iapp$201906,52121d724d475582b4534bb23cec229b078eb836,2026-01-17T10:49:53.237Z,1627
ocr/iapp/2019/2019-07.jsonl,ocr_iapp$201907,fdbd658aa012ccdafe8a32a94e321f4112bb2fd0,2026-01-17T10:50:07.182Z,1977
ocr/iapp/2019/2019-08.jsonl,ocr_iapp$201908,43851165cf281ade2c17e52190e33c6c743b235b,2026-01-17T10:50:20.881Z,1811
ocr/iapp/2019/2019-09.jsonl,ocr_iapp$201909,d8b9a930b9e3b4d21efcefae9285661e999b53c6,2026-01-17T10:50:27.527Z,1585
ocr/iapp/2019/2019-10.jsonl,ocr_iapp$201910,ff7a894589936636f67a369e2b19fe758198b56d,2026-01-17T10:50:33.932Z,1890
ocr/iapp/2019/2019-11.jsonl,ocr_iapp$201911,9cb833d901d2a1d1246c178fe10153672cef4680,2026-01-17T10:50:40.609Z,1962
ocr/iapp/2019/2019-12.jsonl,ocr_iapp$201912,324be839d07ebd8a233b09cbdabad5bc305db078,2026-01-17T10:50:47.107Z,1543
ocr/iapp/2020/2020-01.jsonl,ocr_iapp$202001,93d7ad68e590be942f9094c51729100b9498cec9,2026-01-17T10:50:53.917Z,2437
ocr/iapp/2020/2020-02.jsonl,ocr_iapp$202002,d28354b5cabb3f3a435607692ff8ef168ef90e69,2026-01-17T10:51:00.542Z,2059
ocr/iapp/2020/2020-03.jsonl,ocr_iapp$202003,bc104272ea7dc71073aac4072c4d4466c00427bf,2026-01-17T10:51:07.298Z,2313
ocr/iapp/2020/2020-04.jsonl,ocr_iapp$202004,3669434a5292244a553686591d21c58a7cd4f594,2026-01-17T10:51:14.025Z,1737
ocr/iapp/2020/2020-05.jsonl,ocr_iapp$202005,4e85a678176dad7cf9a8fca958cdf4389e74f90d,2026-01-17T10:51:20.585Z,1525
ocr/iapp/2020/2020-06.jsonl,ocr_iapp$202006,ce41e97750cddcd619b49882e6c76ccc09dec1b6,2026-01-17T10:51:26.794Z,1970
ocr/iapp/2020/2020-07.jsonl,ocr_iapp$202007,50b90bdc97a4c6489bc257f02775df799ecd3604,2026-01-17T10:51:33.108Z,1500
ocr/iapp/2020/2020-08.jsonl,ocr_iapp$202008,b5abe270786af5f8a19520cbf01e82906942c0b9,2026-01-17T10:51:39.619Z,1794
ocr/iapp/2020/2020-09.jsonl,ocr_iapp$202009,37f6c111cfe61fa1cdd7e5fa50ab4c482891662a,2026-01-17T10:51:46.413Z,2830
ocr/iapp/2020/2020-10.jsonl,ocr_iapp$202010,013d694be4958786dc32de180d19d45b125d530e,2026-01-17T10:51:53.100Z,2191
ocr/iapp/2020/2020-11.jsonl,ocr_iapp$202011,12568a839fb19be88dfa93f1515b7b7588fa623b,2026-01-17T10:51:59.783Z,1911
ocr/iapp/2020/2020-12.jsonl,ocr_iapp$202012,8c300e4ece18bb6eba4f54fdb5902aca2d097a1f,2026-01-17T10:52:06.652Z,2312
ocr/iapp/2021/2021-01.jsonl,ocr_iapp$202101,7f2fdfa066f62031a8c642123f7ad68496160334,2026-01-17T10:52:11.658Z,454
ocr/iapp/2021/2021-02.jsonl,ocr_iapp$202102,d42eafe0d0d580cf39bc493bd3281f862e85ed5b,2026-01-17T10:52:16.646Z,404
ocr/iapp/2021/2021-03.jsonl,ocr_iapp$202103,20cc818687d98d62709c0b03cb9d67509c16ff33,2026-01-17T10:52:21.673Z,527
ocr/iapp/2021/2021-04.jsonl,ocr_iapp$202104,f34b63f7229bccd22d3f77177bbdfe4d40a7af89,2026-01-17T10:52:26.719Z,285
ocr/iapp/2021/2021-05.jsonl,ocr_iapp$202105,89bafd7e7b38aed09223769fc722bde8f047c872,2026-01-17T10:52:31.797Z,860
ocr/iapp/2021/2021-06.jsonl,ocr_iapp$202106,65807ab2b97195ccd9d911225e47ff3dbbd7ac9f,2026-01-17T10:52:36.927Z,731
ocr/iapp/2021/2021-07.jsonl,ocr_iapp$202107,9722bc1683e4dbc79c4ae468def7b777b3dd567e,2026-01-17T10:52:53.991Z,642
ocr/iapp/2021/2021-08.jsonl,ocr_iapp$202108,d3162333abbc99334a56bb669c0b3ef4627937ee,2026-01-17T10:53:03.134Z,618
ocr/iapp/2021/2021-09.jsonl,ocr_iapp$202109,0ee6e5b38b713c64b91837849b76a03b2d789692,2026-01-17T10:53:14.030Z,1172
ocr/iapp/2021/2021-10.jsonl,ocr_iapp$202110,592ddfba68e22816e555fa16a5b8fd90f0c422ae,2026-01-17T10:53:19.030Z,500
ocr/iapp/2021/2021-11.jsonl,ocr_iapp$202111,af19b19e84446282c5599b70b60ae556bc18a4c6,2026-01-17T10:53:23.955Z,592
ocr/iapp/2021/2021-12.jsonl,ocr_iapp$202112,d02164818c43bcbc8c2929110f0ea36577406256,2026-01-17T10:53:29.667Z,650
ocr/iapp/2022/2022-01.jsonl,ocr_iapp$202201,d0f785f41fe83879abeae351bf5baec9178a9850,2026-01-17T10:53:34.676Z,871
ocr/iapp/2022/2022-02.jsonl,ocr_iapp$202202,ef1020bc7d15b9654ca01d0d64a3f7e2f93e98dc,2026-01-17T10:53:40.852Z,1179
ocr/iapp/2022/2022-03.jsonl,ocr_iapp$202203,e24f30aa7cdd3516d37ac5ad9fb418ca33262998,2026-01-17T10:53:46.776Z,1437
ocr/iapp/2022/2022-04.jsonl,ocr_iapp$202204,cc3feb7454b62aa30f88a2acaa46db807141b5a6,2026-01-17T10:53:51.655Z,617
ocr/iapp/2022/2022-05.jsonl,ocr_iapp$202205,de4e27386d266d689fd9262e44caca8b17401429,2026-01-17T10:53:56.679Z,897
ocr/iapp/2022/2022-06.jsonl,ocr_iapp$202206,a25cb2611da0b749ba4f8675538b390d7a51cd24,2026-01-17T10:54:02.544Z,1169
ocr/iapp/2022/2022-07.jsonl,ocr_iapp$202207,6796bd7c4f31813850fb9d92fc22a9b76f8a0a02,2026-01-17T10:54:07.479Z,829
ocr/iapp/2022/2022-08.jsonl,ocr_iapp$202208,735d8fa98eb6071e9d6a124c38639a0c36e346a8,2026-01-17T10:54:12.776Z,1030
ocr/iapp/2022/2022-09.jsonl,ocr_iapp$202209,4687136498eb7292f439c573b572d971032697b6,2026-01-17T10:54:18.644Z,1080
ocr/iapp/2022/2022-10.jsonl,ocr_iapp$202210,259b5856ce68ed45f8379e9d30b9356f2a679f93,2026-01-17T10:54:23.840Z,903
ocr/iapp/2022/2022-11.jsonl,ocr_iapp$202211,725129ad83e0c12066a921263330ef8292cb98ba,2026-01-17T10:54:28.851Z,828
ocr/iapp/2022/2022-12.jsonl,ocr_iapp$202212,37f6c82799205671c82291d3a9e463756f1c770f,2026-01-17T10:54:39.293Z,1244
ocr/iapp/2023/2023-01.jsonl,ocr_iapp$202301,1eeae65f4dc520db3d8cf9a00068aaacfdfd2774,2026-01-17T10:54:46.173Z,2382
ocr/iapp/2023/2023-02.jsonl,ocr_iapp$202302,e30a003d31c818c753de3e0e64d742b882271bcd,2026-01-17T10:55:03.322Z,2615
ocr/iapp/2023/2023-03.jsonl,ocr_iapp$202303,67d9e7dece16da7da8d8a214464503a864a7a42b,2026-01-17T10:55:19.555Z,2706
ocr/iapp/2023/2023-04.jsonl,ocr_iapp$202304,a88038298909831de668f4f28881f71d9ae4cb2a,2026-01-17T10:55:26.104Z,2041
ocr/iapp/2023/2023-05.jsonl,ocr_iapp$202305,511ff37412925786e5824c7561fe8bc265bde93d,2026-01-17T10:55:32.656Z,2579
ocr/iapp/2023/2023-06.jsonl,ocr_iapp$202306,1f0ecd5fa31d7c20e5c72fa5b38f10ecf2a769d7,2026-01-17T10:55:39.465Z,2962
ocr/iapp/2023/2023-07.jsonl,ocr_iapp$202307,38ccd8e06da13a9d024ca87185e63a28af8ca7ea,2026-01-17T10:55:46.161Z,2748
ocr/iapp/2023/2023-08.jsonl,ocr_iapp$202308,e4661cf5e4cf8634bdd172da2b59f3fe21480cde,2026-01-17T10:55:52.948Z,2980
ocr/iapp/2023/2023-09.jsonl,ocr_iapp$202309,a189fff948f83625bf88a669c82c6b057e96b9a0,2026-01-17T10:55:59.558Z,2631
ocr/iapp/2023/2023-10.jsonl,ocr_iapp$202310,97ff5b3e4f33aabc69119ab7552a04497eaada59,2026-01-17T10:56:06.333Z,2907
ocr/iapp/2023/2023-11.jsonl,ocr_iapp$202311,a1e6c7f996feff12fc048070e5ba2e9029450784,2026-01-17T10:56:13.280Z,3830
ocr/iapp/2023/2023-12.jsonl,ocr_iapp$202312,ca6269a6852ba380172345d478829c1458d0a389,2026-01-17T10:56:19.808Z,2290
ocr/iapp/2024/2024-01.jsonl,ocr_iapp$202401,0ab0800888e2976230a5d28590afd6e7f345cefc,2026-01-17T10:56:26.507Z,3058
ocr/iapp/2024/2024-02.jsonl,ocr_iapp$202402,3fa1e1596dd2aaa231218ef1ca9078039ffedc45,2026-01-17T10:56:33.293Z,2499
ocr/iapp/2024/2024-03.jsonl,ocr_iapp$202403,fa65c893a1245004af426926c18d1e83fcbbcf53,2026-01-17T10:56:40.227Z,2346
ocr/iapp/2024/2024-04.jsonl,ocr_iapp$202404,b88ab0e34b68c9a39a450a1431675cae6a71f892,2026-01-17T10:56:47.128Z,2536
ocr/iapp/2024/2024-05.jsonl,ocr_iapp$202405,6978de73cdaba6b22778dd52e3b9713bfe180c40,2026-01-17T10:56:54.020Z,2767
ocr/iapp/2024/2024-06.jsonl,ocr_iapp$202406,4a2648122fac335d12075d8315c711bca1685290,2026-01-17T10:57:00.816Z,3428
ocr/iapp/2024/2024-07.jsonl,ocr_iapp$202407,183f68786d89118970d67cc9722c91a2ccba58d5,2026-01-17T10:57:08.117Z,3923
ocr/iapp/2024/2024-08.jsonl,ocr_iapp$202408,f5b330ac8e5d459c16c59d1e16fcf4f7b6e65bc0,2026-01-17T10:57:15.136Z,3520
ocr/iapp/2024/2024-09.jsonl,ocr_iapp$202409,804df4a2ee066ae9d5d8dd436a6f13bedb8e4ded,2026-01-17T10:57:21.864Z,3439
ocr/iapp/2024/2024-10.jsonl,ocr_iapp$202410,99d81e159c7e52291808d6f9342ef177dd7175b6,2026-01-17T10:57:28.521Z,3216
ocr/iapp/2024/2024-11.jsonl,ocr_iapp$202411,43e19b87a43a20fb61bbaa03f09dae40af87f9a5,2026-01-17T10:57:45.654Z,2866
ocr/iapp/2024/2024-12.jsonl,ocr_iapp$202412,d5bb1a6f42f5eacae12ddd7e657f5094b555ae11,2026-01-17T10:57:52.032Z,865
ocr/iapp/2025/2025-01.jsonl,ocr_iapp$202501,6015f65d4c2f0632916ee070d502d92534c67873,2026-01-17T10:57:58.854Z,4385
ocr/iapp/2025/2025-02.jsonl,ocr_iapp$202502,1d1b942d3a282346a8f9a18753860bda924a4b03,2026-01-17T10:58:13.735Z,4506
ocr/iapp/2025/2025-03.jsonl,ocr_iapp$202503,02704faa7a21415422cf1ead4b4f491a219c78d1,2026-01-17T10:58:20.973Z,5309
ocr/iapp/2025/2025-04.jsonl,ocr_iapp$202504,1fb84e8508961e20dbe421bc880af102c5bd8927,2026-01-17T10:58:27.431Z,3396
ocr/iapp/2025/2025-05.jsonl,ocr_iapp$202505,c65b4b3cf3b401b33dc26f2c8758da2528da9299,2026-01-17T10:58:33.894Z,3485
ocr/iapp/2025/2025-06.jsonl,ocr_iapp$202506,93648a36219243dc1585738af9afc49bda0d3808,2026-01-17T10:58:45.095Z,3685
ocr/iapp/2025/2025-07.jsonl,ocr_iapp$202507,3c97dab1a32bf51c0f347a9b3b57283b18014396,2026-01-17T10:58:52.132Z,4113
ocr/iapp/2025/2025-08.jsonl,ocr_iapp$202508,183b2290c68eb8a440d526e40d7dd3877ee1b370,2026-01-17T10:58:58.821Z,3660
ocr/iapp/2025/2025-09.jsonl,ocr_iapp$202509,9b451f75d2c2c0f72bd9d5b9701a45c01551df79,2026-01-17T10:59:05.650Z,3851
ocr/iapp/2025/2025-10.jsonl,ocr_iapp$202510,54fa09319951fca1a4871f9f5b008899e0bf3688,2026-01-17T10:59:12.324Z,4684
ocr/iapp/2025/2025-11.jsonl,ocr_iapp$202511,ae051eff237c740621bf2c9df1e78bae131cc634,2026-01-17T10:59:18.886Z,4064
ocr/iapp/2025/2025-12.jsonl,ocr_iapp$202512,7668f0d80031f8b2d2ac92f98aae0f7d6ec77b24,2026-01-17T10:59:25.121Z,1492
ocr/iapp/2014/2014-01.jsonl,ocr_iapp$201401,320ccd5715fdf8bb3304811fbb9cab8ac642d974,2026-01-19T17:06:45.004Z,2569
ocr/iapp/2014/2014-02.jsonl,ocr_iapp$201402,e1c67bea85fd8e245c82d81ea45a9364800132ac,2026-01-19T17:06:59.876Z,2767
ocr/iapp/2014/2014-03.jsonl,ocr_iapp$201403,2bc5021fb651459fd001462e9e448a857ffc8f29,2026-01-19T17:07:12.150Z,2156
ocr/iapp/2014/2014-04.jsonl,ocr_iapp$201404,cf11ae75037940ae3ae0b7a0b23f94a45d2ab763,2026-01-19T17:07:30.322Z,2805
ocr/iapp/2014/2014-05.jsonl,ocr_iapp$201405,51ae684835946e4fd5f918794844e6ce41616b9f,2026-01-19T17:07:48.636Z,3233
ocr/iapp/2014/2014-06.jsonl,ocr_iapp$201406,9f58e0e453298c7d698c27157a83bc1e840b6e52,2026-01-19T17:08:07.488Z,2852
ocr/iapp/2014/2014-07.jsonl,ocr_iapp$201407,f5340f13e9093d7bce3a65234bb1401c17f388a7,2026-01-19T17:08:14.897Z,3226
ocr/iapp/2014/2014-08.jsonl,ocr_iapp$201408,e18b8bd0857944779b64569acf765c3c3fb18f92,2026-01-19T17:08:21.945Z,2391
ocr/iapp/2014/2014-09.jsonl,ocr_iapp$201409,6b275460ff076e4312c5ef44b23c5da8e3f30f18,2026-01-19T17:08:33.819Z,3181
ocr/iapp/2014/2014-10.jsonl,ocr_iapp$201410,4f3ca61a9f4520cb89689c6aa5ddb86b728a2428,2026-01-19T17:08:41.382Z,3195
ocr/iapp/2014/2014-11.jsonl,ocr_iapp$201411,fef62c12e138b406d401f4912d6ee317931dbd2c,2026-01-19T17:08:48.387Z,2810
ocr/iapp/2014/2014-12.jsonl,ocr_iapp$201412,613699429600f9d176f3987f62f856458ae5ca32,2026-01-19T17:08:56.138Z,3207
ocr/iapp/2013/2013-01.jsonl,ocr_iapp$201301,a59f1ab5ecc3abdefb7e56830d9b52627983aebd,2026-01-26T17:09:38.827Z,3186
ocr/iapp/2013/2013-02.jsonl,ocr_iapp$201302,67417c300614ca556497845cd020f6455171a580,2026-01-26T17:09:50.408Z,2585
ocr/iapp/2013/2013-03.jsonl,ocr_iapp$201303,8db1530e722577e68cbe3c030f530c11b3f12d4e,2026-01-26T17:10:01.263Z,2992
ocr/iapp/2013/2013-04.jsonl,ocr_iapp$201304,f5094c320c51bd2952a02c0185eef72a3e29bd00,2026-01-26T17:10:16.834Z,3129
ocr/iapp/2013/2013-05.jsonl,ocr_iapp$201305,ac73b6a338abf6c57d3327fabfaa02c00fabb48f,2026-01-26T17:10:31.318Z,3344
ocr/iapp/2013/2013-06.jsonl,ocr_iapp$201306,ee8c6a44c5c71334f2fbddd826376a3cc983bfac,2026-01-26T17:10:46.051Z,2358
ocr/iapp/2013/2013-07.jsonl,ocr_iapp$201307,824c78d4891a05e8e7f11aadc0424e06dbe464c7,2026-01-26T17:10:58.715Z,3618
ocr/iapp/2013/2013-08.jsonl,ocr_iapp$201308,2e8fe904d488f459c7845b15b4fd9da51bd18206,2026-01-26T17:11:17.986Z,3695
ocr/iapp/2013/2013-09.jsonl,ocr_iapp$201309,ec7d018034b91b7229195df349f56b469cbfa11c,2026-01-26T17:11:28.191Z,2967
ocr/iapp/2013/2013-10.jsonl,ocr_iapp$201310,33a35772de2ea9e2db7b5db96b58140ea1895818,2026-01-26T17:11:38.111Z,3548
ocr/iapp/2013/2013-11.jsonl,ocr_iapp$201311,6f09fc58fcab112c02a3a00d193b3ee20c760bb2,2026-01-26T17:11:55.649Z,2818
ocr/iapp/2013/2013-12.jsonl,ocr_iapp$201312,00d3624aaf1c7d7fd84d96f2acf3c39f33700f98,2026-01-26T17:12:07.123Z,2910
meta/2026/2026-02.jsonl,meta$202602,3201ae0e3638c79005cf465012129bb2d0d593fb,2026-02-27T17:11:18.500Z,4028
ocr/iapp/2012/2012-01.jsonl,ocr_iapp$201201,76a757ed19488edb58d94024e6ae2c9c1c4e3b2a,2026-02-02T17:15:15.028Z,4183
ocr/iapp/2012/2012-02.jsonl,ocr_iapp$201202,ed0189f1b95f5fc1320fca8247bdf2506afeb9c2,2026-02-02T17:15:33.840Z,2070
ocr/iapp/2012/2012-03.jsonl,ocr_iapp$201203,d6e067e97a1cf94a0b2878a2fb6e452a9c852c37,2026-02-02T17:15:48.266Z,2697
ocr/iapp/2012/2012-04.jsonl,ocr_iapp$201204,792d54c780f31a8bc5eeb94ce68523c84000cdeb,2026-02-02T17:15:59.201Z,1928
ocr/iapp/2012/2012-05.jsonl,ocr_iapp$201205,a6e8404b219271f0e1ecaad061db763f0607a6d3,2026-02-02T17:16:12.852Z,4059
ocr/iapp/2012/2012-06.jsonl,ocr_iapp$201206,c6f9a80f3342cf9d7dd273dc21caf4b9e36fd1b7,2026-02-02T17:16:33.176Z,4072
ocr/iapp/2012/2012-07.jsonl,ocr_iapp$201207,c05d94439d1dd6fdbf19d80752736116cc540bf7,2026-02-02T17:16:49.237Z,4143
ocr/iapp/2012/2012-08.jsonl,ocr_iapp$201208,c27b8eadb0c4b5d17e5fecd3c8c38cd7923f6773,2026-02-02T17:17:01.154Z,3455
ocr/iapp/2012/2012-09.jsonl,ocr_iapp$201209,d9ab14f0d9d40813690e6b7e4824b15fa9621d03,2026-02-02T17:17:13.226Z,2958
ocr/iapp/2012/2012-10.jsonl,ocr_iapp$201210,248cbc310df95ddd08d0f5507d7a96a4b03ab821,2026-02-02T17:17:28.548Z,3776
ocr/iapp/2012/2012-11.jsonl,ocr_iapp$201211,b19203565a3e0e4ff8ba2107a91369163ee5fdae,2026-02-02T17:17:41.022Z,5467
ocr/iapp/2012/2012-12.jsonl,ocr_iapp$201212,44acfa14026d4025ea9c51b70322f1737ed177b4,2026-02-02T17:17:58.918Z,3223
ocr/iapp/2011/2011-01.jsonl,ocr_iapp$201101,963db2bf584dc99fbbc93c2529efc45e87f7d965,2026-02-09T17:19:29.237Z,3325
ocr/iapp/2011/2011-02.jsonl,ocr_iapp$201102,7252ea251e97b1a90b959488f0eea149795d1a36,2026-02-09T17:19:43.279Z,2430
ocr/iapp/2011/2011-03.jsonl,ocr_iapp$201103,6a2c2113741e17ff953b8e3a885c322c88a5212e,2026-02-09T17:19:59.140Z,3984
ocr/iapp/2011/2011-04.jsonl,ocr_iapp$201104,ac828de1b0541221deff91393edb90a0fd3cb7b7,2026-02-09T17:20:18.596Z,3787
ocr/iapp/2011/2011-05.jsonl,ocr_iapp$201105,763f43ba659d36fa402ed701fc6b5cc1fbe1fee4,2026-02-09T17:20:30.675Z,4332
ocr/iapp/2011/2011-06.jsonl,ocr_iapp$201106,ef73be6177758fd4ddc61b83485444ae6bd2b767,2026-02-09T17:20:44.687Z,4501
ocr/iapp/2011/2011-07.jsonl,ocr_iapp$201107,6ea4b0ebea94089ccf3e5d8d074f71646de29651,2026-02-09T17:20:58.441Z,4317
ocr/iapp/2011/2011-08.jsonl,ocr_iapp$201108,d5468de3664d670c2d6891001acf01249ce86aeb,2026-02-09T17:21:17.011Z,5573
ocr/iapp/2011/2011-09.jsonl,ocr_iapp$201109,4619c168e41185fb2fd66d38bbf05f93001ea919,2026-02-09T17:21:37.730Z,5092
ocr/iapp/2011/2011-10.jsonl,ocr_iapp$201110,064b7178074fef9034461d5165ca4e2774ce999c,2026-02-09T17:21:48.933Z,2784
ocr/iapp/2011/2011-11.jsonl,ocr_iapp$201111,42ea7877e071ebdbf09bc7787753d6481d12435b,2026-02-09T17:22:07.453Z,3847
ocr/iapp/2011/2011-12.jsonl,ocr_iapp$201112,6b549960091e05bb378acaccd81b19f0f6924e0c,2026-02-09T17:22:17.823Z,2691
meta/2026/2026-03.jsonl,meta$202603,6f4c0f686319575ba0e1ab21d7228e54a1023c00,2026-03-31T17:21:23.780Z,3546
meta/2026/2026-04.jsonl,meta$202604,cca211266ce57f0bf6037fd5c9fa0a90ea8343a6,2026-04-30T17:30:25.765Z,2899
meta/2026/2026-05.jsonl,meta$202605,3015a815f1b1b21d3e3976a1b417a1d68e3d1533,2026-05-29T18:03:46.554Z,2784
meta/2026/2026-06.jsonl,meta$202606,6e703733ef487d5b3a888ffa74c94c7f0675426a,2026-06-30T17:35:03.528Z,3088
meta/2026/2026-07.jsonl,meta$202607,642b55defacd0fdf4878e830521a3590330d9271,2026-08-01T17:20:45.550Z,3503
meta/2026/2026-08.jsonl,meta$202608,cde42ce0268e9c6dea64820f212519b9af37445a,2026-08-31T17:05:47.698Z,3591
meta/2026/2026-09.jsonl,meta$202609,88838f00aadb32262f14e082108a14698e1def9b,2026-09-12T17:04:52.936Z,2097